Rk,Wk,Date,Day,Winner/Tie,Pts,,Loser/Tie,Pts,Notes
1,1,Aug 30 2012,Thu,Arizona State,63,,Northern Arizona,6,
2,1,Aug 30 2012,Thu,Ball State,37,,Eastern Michigan,26,
3,1,Aug 30 2012,Thu,Brigham Young,30,,Washington State,6,
4,1,Aug 30 2012,Thu,Central Florida,56,@,Akron,14,
5,1,Aug 30 2012,Thu,Central Michigan,38,,Southeast Missouri State,27,
6,1,Aug 30 2012,Thu,Connecticut,37,,Massachusetts,0,
7,1,Aug 30 2012,Thu,Eastern Washington,20,@,Idaho,3,
8,1,Aug 30 2012,Thu,Kent State,41,,Towson,21,
9,1,Aug 30 2012,Thu,McNeese State,27,@,Middle Tennessee State,21,
10,1,Aug 30 2012,Thu,Minnesota,30,@,Nevada-Las Vegas,27,
11,1,Aug 30 2012,Thu,New Mexico State,49,,Sacramento State,19,
12,1,Aug 30 2012,Thu,(9) South Carolina,17,@,Vanderbilt,13,
13,1,Aug 30 2012,Thu,UCLA,49,@,Rice,24,
14,1,Aug 30 2012,Thu,Utah,41,,Northern Colorado,0,
15,1,Aug 30 2012,Thu,Utah State,34,,Southern Utah,3,
16,1,Aug 31 2012,Fri,Florida Atlantic,7,,Wagner,3,
17,1,Aug 31 2012,Fri,(13) Michigan State,17,,(24) Boise State,13,
18,1,Aug 31 2012,Fri,(21) Stanford,20,,San Jose State,17,
19,1,Aug 31 2012,Fri,Temple,41,,Villanova,10,
20,1,Aug 31 2012,Fri,Tennessee,35,,North Carolina State,21,Atlanta GA
21,1,Sep 1 2012,Sat,Air Force,49,,Idaho State,21,
22,1,Sep 1 2012,Sat,(2) Alabama,41,,(8) Michigan,14,Arlington TX
23,1,Sep 1 2012,Sat,Arizona,24,,Toledo,17,
24,1,Sep 1 2012,Sat,(10) Arkansas,49,,Jacksonville State,24,
25,1,Sep 1 2012,Sat,(14) Clemson,26,,Auburn,19,Atlanta GA
26,1,Sep 1 2012,Sat,Colorado State,22,,Colorado,17,Denver CO
27,1,Sep 1 2012,Sat,Duke,46,,Florida International,26,
28,1,Sep 1 2012,Sat,East Carolina,35,,Appalachian State,13,
29,1,Sep 1 2012,Sat,(23) Florida,27,,Bowling Green State,14,
30,1,Sep 1 2012,Sat,(7) Florida State,69,,Murray State,3,
31,1,Sep 1 2012,Sat,Fresno State,37,,Weber State,10,
32,1,Sep 1 2012,Sat,(6) Georgia,45,,Buffalo,23,
33,1,Sep 1 2012,Sat,Illinois,24,,Western Michigan,7,
34,1,Sep 1 2012,Sat,Indiana,24,,Indiana State,17,
35,1,Sep 1 2012,Sat,Iowa,18,@,Northern Illinois,17,Chicago IL
36,1,Sep 1 2012,Sat,Iowa State,38,,Tulsa,23,
37,1,Sep 1 2012,Sat,Kansas,31,,South Dakota State,17,
38,1,Sep 1 2012,Sat,(22) Kansas State,51,,Missouri State,9,
39,1,Sep 1 2012,Sat,(3) Louisiana State,41,,North Texas,14,
40,1,Sep 1 2012,Sat,Louisiana-Lafayette,40,,Lamar,0,
41,1,Sep 1 2012,Sat,Maryland,7,,William & Mary,6,
42,1,Sep 1 2012,Sat,Miami (FL),41,@,Boston College,32,
43,1,Sep 1 2012,Sat,Mississippi,49,,Central Arkansas,27,
44,1,Sep 1 2012,Sat,Mississippi State,56,,Jackson State,9,
45,1,Sep 1 2012,Sat,Missouri,62,,Southeastern Louisiana,10,
46,1,Sep 1 2012,Sat,(17) Nebraska,49,,Southern Mississippi,20,
47,1,Sep 1 2012,Sat,Nevada,31,@,California,24,
48,1,Sep 1 2012,Sat,New Mexico,66,,Southern,21,
49,1,Sep 1 2012,Sat,North Carolina,62,,Elon,0,
50,1,Sep 1 2012,Sat,Northwestern,42,@,Syracuse,41,
51,1,Sep 1 2012,Sat,Notre Dame,50,,Navy,10,Dublin Ireland
52,1,Sep 1 2012,Sat,Ohio,24,@,Penn State,14,
53,1,Sep 1 2012,Sat,(18) Ohio State,56,,Miami (OH),10,
54,1,Sep 1 2012,Sat,(4) Oklahoma,24,@,Texas-El Paso,7,
55,1,Sep 1 2012,Sat,(19) Oklahoma State,84,,Savannah State,0,
56,1,Sep 1 2012,Sat,(5) Oregon,57,,Arkansas State,34,
57,1,Sep 1 2012,Sat,Purdue,48,,Eastern Kentucky,6,
58,1,Sep 1 2012,Sat,Rutgers,24,@,Tulane,12,
59,1,Sep 1 2012,Sat,South Florida,34,,Chattanooga,13,
60,1,Sep 1 2012,Sat,(1) Southern California,49,,Hawaii,10,
61,1,Sep 1 2012,Sat,Tennessee-Martin,20,@,Memphis,17,
62,1,Sep 1 2012,Sat,(15) Texas,37,,Wyoming,17,
63,1,Sep 1 2012,Sat,Texas State,30,@,Houston,13,
64,1,Sep 1 2012,Sat,Texas Tech,44,,Northwestern State,6,
65,1,Sep 1 2012,Sat,Texas-San Antonio,33,@,South Alabama,31,
66,1,Sep 1 2012,Sat,Troy,39,@,Alabama-Birmingham,29,
67,1,Sep 1 2012,Sat,Virginia,43,,Richmond,19,
68,1,Sep 1 2012,Sat,Wake Forest,20,,Liberty,17,
69,1,Sep 1 2012,Sat,Washington,21,,San Diego State,12,
70,1,Sep 1 2012,Sat,(11) West Virginia,69,,Marshall,34,
71,1,Sep 1 2012,Sat,Western Kentucky,49,,Austin Peay,10,
72,1,Sep 1 2012,Sat,(12) Wisconsin,26,,Northern Iowa,21,
73,1,Sep 1 2012,Sat,Youngstown State,31,@,Pittsburgh,17,
74,1,Sep 2 2012,Sun,Baylor,59,,Southern Methodist,24,
75,1,Sep 2 2012,Sun,(25) Louisville,32,,Kentucky,14,
76,1,Sep 3 2012,Mon,(15) Virginia Tech,20,,Georgia Tech,17,
Rk,Wk,Date,Day,Winner/Tie,Pts,,Loser/Tie,Pts,Notes
77,2,Sep 6 2012,Thu,Cincinnati,34,,Pittsburgh,10,
78,2,Sep 7 2012,Fri,Utah State,27,,Utah,20,
79,2,Sep 8 2012,Sat,(1) Alabama,35,,Western Kentucky,0,
80,2,Sep 8 2012,Sat,Arizona,59,,(18) Oklahoma State,38,
81,2,Sep 8 2012,Sat,Arizona State,45,,Illinois,14,
82,2,Sep 8 2012,Sat,Arkansas State,33,,Memphis,28,
83,2,Sep 8 2012,Sat,Boston College,34,,Maine,3,
84,2,Sep 8 2012,Sat,Bowling Green State,21,,Idaho,13,
85,2,Sep 8 2012,Sat,Brigham Young,45,,Weber State,13,
86,2,Sep 8 2012,Sat,Buffalo,56,,Morgan State,34,
87,2,Sep 8 2012,Sat,California,50,,Southern Utah,31,
88,2,Sep 8 2012,Sat,(12) Clemson,52,,Ball State,27,
89,2,Sep 8 2012,Sat,(24) Florida,20,@,Texas A&M,17,
90,2,Sep 8 2012,Sat,Florida International,41,,Akron,38,
91,2,Sep 8 2012,Sat,(6) Florida State,55,,Savannah State,0,
92,2,Sep 8 2012,Sat,(7) Georgia,41,@,Missouri,20,
93,2,Sep 8 2012,Sat,Georgia Tech,59,,Presbyterian,3,
94,2,Sep 8 2012,Sat,Illinois State,31,@,Eastern Michigan,14,
95,2,Sep 8 2012,Sat,Indiana,45,@,Massachusetts,6,
96,2,Sep 8 2012,Sat,Iowa State,9,@,Iowa,6,
97,2,Sep 8 2012,Sat,(21) Kansas State,52,,Miami (FL),13,
98,2,Sep 8 2012,Sat,Kentucky,47,,Kent State,14,
99,2,Sep 8 2012,Sat,(3) Louisiana State,41,,Washington,3,
100,2,Sep 8 2012,Sat,Louisiana Tech,56,@,Houston,49,
101,2,Sep 8 2012,Sat,Louisiana-Lafayette,37,@,Troy,24,
102,2,Sep 8 2012,Sat,Louisiana-Monroe,34,@,(8) Arkansas,31,Little Rock AR
103,2,Sep 8 2012,Sat,(23) Louisville,35,,Missouri State,7,
104,2,Sep 8 2012,Sat,Marshall,52,,Western Carolina,24,
105,2,Sep 8 2012,Sat,Maryland,36,@,Temple,27,
106,2,Sep 8 2012,Sat,Miami (OH),30,,Southern Illinois,14,
107,2,Sep 8 2012,Sat,(19) Michigan,31,,Air Force,25,
108,2,Sep 8 2012,Sat,(11) Michigan State,41,@,Central Michigan,7,
109,2,Sep 8 2012,Sat,Middle Tennessee State,31,,Florida Atlantic,17,
110,2,Sep 8 2012,Sat,Minnesota,44,,New Hampshire,7,
111,2,Sep 8 2012,Sat,Mississippi,28,,Texas-El Paso,10,
112,2,Sep 8 2012,Sat,Mississippi State,28,,Auburn,10,
113,2,Sep 8 2012,Sat,North Carolina State,10,@,Connecticut,7,
114,2,Sep 8 2012,Sat,North Dakota State,22,@,Colorado State,7,
115,2,Sep 8 2012,Sat,North Texas,34,,Texas Southern,7,
116,2,Sep 8 2012,Sat,Northern Arizona,17,@,Nevada-Las Vegas,14,
117,2,Sep 8 2012,Sat,Northern Illinois,35,,Tennessee-Martin,7,
118,2,Sep 8 2012,Sat,Northwestern,23,,Vanderbilt,13,
119,2,Sep 8 2012,Sat,(22) Notre Dame,20,,Purdue,17,
120,2,Sep 8 2012,Sat,Ohio,51,,New Mexico State,24,
121,2,Sep 8 2012,Sat,(14) Ohio State,31,,Central Florida,16,
122,2,Sep 8 2012,Sat,(5) Oklahoma,69,,Florida A&M,13,
123,2,Sep 8 2012,Sat,(4) Oregon,42,,Fresno State,25,
124,2,Sep 8 2012,Sat,Oregon State,10,,(13) Wisconsin,7,
125,2,Sep 8 2012,Sat,Rice,25,@,Kansas,24,
126,2,Sep 8 2012,Sat,Rutgers,26,,Howard,0,
127,2,Sep 8 2012,Sat,Sacramento State,30,@,Colorado,28,
128,2,Sep 8 2012,Sat,San Diego State,42,,Army,7,
129,2,Sep 8 2012,Sat,San Jose State,45,,California-Davis,13,
130,2,Sep 8 2012,Sat,South Alabama,9,,Nicholls State,3,
131,2,Sep 8 2012,Sat,(9) South Carolina,48,,East Carolina,10,
132,2,Sep 8 2012,Sat,South Florida,32,@,Nevada,31,
133,2,Sep 8 2012,Sat,(2) Southern California,42,@,Syracuse,29,East Rutherford NJ
134,2,Sep 8 2012,Sat,Southern Methodist,52,,Stephen F. Austin,0,
135,2,Sep 8 2012,Sat,(25) Stanford,50,,Duke,13,
136,2,Sep 8 2012,Sat,Tennessee,51,,Georgia State,13,
137,2,Sep 8 2012,Sat,(17) Texas,45,,New Mexico,0,
138,2,Sep 8 2012,Sat,(20) Texas Christian,56,,Grambling State,0,
139,2,Sep 8 2012,Sat,Texas Tech,58,@,Texas State,10,
140,2,Sep 8 2012,Sat,Texas-San Antonio,27,,Texas A&M-Commerce,16,
141,2,Sep 8 2012,Sat,Toledo,34,@,Wyoming,31,
142,2,Sep 8 2012,Sat,Tulsa,45,,Tulane,10,
143,2,Sep 8 2012,Sat,UCLA,36,,(16) Nebraska,30,
144,2,Sep 8 2012,Sat,Virginia,17,,Penn State,16,
145,2,Sep 8 2012,Sat,(15) Virginia Tech,42,,Austin Peay,7,
146,2,Sep 8 2012,Sat,Wake Forest,28,,North Carolina,27,
147,2,Sep 8 2012,Sat,Washington State,24,,Eastern Washington,20,
148,2,Sep 8 2012,Sat,Western Michigan,52,,Eastern Illinois,21,
Rk,Wk,Date,Day,Winner/Tie,Pts,,Loser/Tie,Pts,Notes
149,3,Sep 13 2012,Thu,Rutgers,,@,South Florida,,
150,3,Sep 14 2012,Fri,Washington State,,@,Nevada-Las Vegas,,
151,3,Sep 15 2012,Sat,(1) Alabama,,@,Arkansas,,
152,3,Sep 15 2012,Sat,Alabama-Birmingham,,@,(8) South Carolina,,
153,3,Sep 15 2012,Sat,Arizona State,,@,Missouri,,
154,3,Sep 15 2012,Sat,Arkansas State,,@,Nebraska,,
155,3,Sep 15 2012,Sat,Ball State,,@,Indiana,,
156,3,Sep 15 2012,Sat,Bethune-Cookman,,@,Miami (FL),,
157,3,Sep 15 2012,Sat,Boston College,,@,Northwestern,,
158,3,Sep 15 2012,Sat,Bowling Green State,,@,Toledo,,
159,3,Sep 15 2012,Sat,(25) Brigham Young,,@,Utah,,
160,3,Sep 15 2012,Sat,Cal Poly,,@,Wyoming,,
161,3,Sep 15 2012,Sat,California,,@,(12) Ohio State,,
162,3,Sep 15 2012,Sat,Charleston Southern,,@,Illinois,,
163,3,Sep 15 2012,Sat,Colorado,,@,Fresno State,,
164,3,Sep 15 2012,Sat,Colorado State,,@,San Jose State,,
165,3,Sep 15 2012,Sat,Connecticut,,@,Maryland,,
166,3,Sep 15 2012,Sat,Delaware State,,@,Cincinnati,,
167,3,Sep 15 2012,Sat,East Carolina,,@,Southern Mississippi,,
168,3,Sep 15 2012,Sat,Eastern Michigan,,@,Purdue,,
169,3,Sep 15 2012,Sat,(18) Florida,,@,(23) Tennessee,,
170,3,Sep 15 2012,Sat,Florida Atlantic,,@,(7) Georgia,,
171,3,Sep 15 2012,Sat,Florida International,,@,Central Florida,,
172,3,Sep 15 2012,Sat,Furman,,@,(11) Clemson,,
173,3,Sep 15 2012,Sat,Houston,,@,(22) UCLA,,
174,3,Sep 15 2012,Sat,Idaho,,@,(3) Louisiana State,,
175,3,Sep 15 2012,Sat,Lamar,,@,Hawaii,,
176,3,Sep 15 2012,Sat,Louisiana-Lafayette,,@,Oklahoma State,,
177,3,Sep 15 2012,Sat,Louisiana-Monroe,,@,Auburn,,
178,3,Sep 15 2012,Sat,Massachusetts,,@,(17) Michigan,,
179,3,Sep 15 2012,Sat,Miami (OH),,@,Boise State,,
180,3,Sep 15 2012,Sat,Middle Tennessee State,,@,Memphis,,
181,3,Sep 15 2012,Sat,Mississippi State,,@,Troy,,
182,3,Sep 15 2012,Sat,Morgan State,,@,Akron,,
183,3,Sep 15 2012,Sat,Navy,,@,Penn State,,
184,3,Sep 15 2012,Sat,New Mexico,,@,Texas Tech,,
185,3,Sep 15 2012,Sat,New Mexico State,,@,Texas-El Paso,,
186,3,Sep 15 2012,Sat,Nicholls State,,@,Tulsa,,
187,3,Sep 15 2012,Sat,North Carolina,,@,(19) Louisville,,
188,3,Sep 15 2012,Sat,North Carolina Central,,@,Duke,,
189,3,Sep 15 2012,Sat,North Dakota,,@,San Diego State,,
190,3,Sep 15 2012,Sat,North Texas,,@,(15) Kansas State,,
191,3,Sep 15 2012,Sat,Northern Illinois,,@,Army,,
192,3,Sep 15 2012,Sat,Northern Iowa,,@,Iowa,,
193,3,Sep 15 2012,Sat,Northwestern State,,@,Nevada,,
194,3,Sep 15 2012,Sat,(20) Notre Dame,,@,(10) Michigan State,,
195,3,Sep 15 2012,Sat,Ohio,,@,Marshall,,
196,3,Sep 15 2012,Sat,Portland State,,@,Washington,,
197,3,Sep 15 2012,Sat,Presbyterian,,@,Vanderbilt,,
198,3,Sep 15 2012,Sat,Rice,,@,Louisiana Tech,,
199,3,Sep 15 2012,Sat,Sam Houston State,,@,Baylor,,
200,3,Sep 15 2012,Sat,South Alabama,,@,North Carolina State,,
201,3,Sep 15 2012,Sat,South Carolina State,,@,(24) Arizona,,
202,3,Sep 15 2012,Sat,(2) Southern California,,@,(21) Stanford,,
203,3,Sep 15 2012,Sat,Stony Brook,,@,Syracuse,,
204,3,Sep 15 2012,Sat,Tennessee Tech,,@,(4) Oregon,,
205,3,Sep 15 2012,Sat,(14) Texas,,@,Mississippi,,
206,3,Sep 15 2012,Sat,Texas A&M,,@,Southern Methodist,,
207,3,Sep 15 2012,Sat,(16) Texas Christian,,@,Kansas,,
208,3,Sep 15 2012,Sat,Texas-San Antonio,,@,Georgia State,,
209,3,Sep 15 2012,Sat,Utah State,,@,Wisconsin,,
210,3,Sep 15 2012,Sat,Virginia,,@,Georgia Tech,,
211,3,Sep 15 2012,Sat,(13) Virginia Tech,,@,Pittsburgh,,
212,3,Sep 15 2012,Sat,Wake Forest,,@,(5) Florida State,,
213,3,Sep 15 2012,Sat,(9) West Virginia,,,James Madison,,Landover MD
214,3,Sep 15 2012,Sat,Western Illinois,,@,Iowa State,,
215,3,Sep 15 2012,Sat,Western Kentucky,,@,Kentucky,,
216,3,Sep 15 2012,Sat,Western Michigan,,@,Minnesota,,
Rk,Wk,Date,Day,Winner/Tie,Pts,,Loser/Tie,Pts,Notes
217,4,Sep 19 2012,Wed,Kent State,,@,Buffalo,,
218,4,Sep 20 2012,Thu,(25) Brigham Young,,@,Boise State,,
219,4,Sep 21 2012,Fri,Baylor,,@,Louisiana-Monroe,,
220,4,Sep 22 2012,Sat,Air Force,,@,Nevada-Las Vegas,,
221,4,Sep 22 2012,Sat,Akron,,@,(23) Tennessee,,
222,4,Sep 22 2012,Sat,Alabama-Birmingham,,@,(12) Ohio State,,
223,4,Sep 22 2012,Sat,Alcorn State,,@,Arkansas State,,
224,4,Sep 22 2012,Sat,(24) Arizona,,@,(4) Oregon,,
225,4,Sep 22 2012,Sat,Army,,@,Wake Forest,,
226,4,Sep 22 2012,Sat,Bowling Green State,,@,(13) Virginia Tech,,
227,4,Sep 22 2012,Sat,California,,@,(2) Southern California,,
228,4,Sep 22 2012,Sat,Central Michigan,,@,Iowa,,
229,4,Sep 22 2012,Sat,Citadel,,@,North Carolina State,,
230,4,Sep 22 2012,Sat,(11) Clemson,,@,(5) Florida State,,
231,4,Sep 22 2012,Sat,Coastal Carolina,,@,Toledo,,
232,4,Sep 22 2012,Sat,Colorado,,@,Washington State,,
233,4,Sep 22 2012,Sat,Connecticut,,@,Western Michigan,,
234,4,Sep 22 2012,Sat,East Carolina,,@,North Carolina,,
235,4,Sep 22 2012,Sat,Eastern Michigan,,@,(10) Michigan State,,
236,4,Sep 22 2012,Sat,Florida Atlantic,,@,(1) Alabama,,
237,4,Sep 22 2012,Sat,Fresno State,,@,Tulsa,,
238,4,Sep 22 2012,Sat,Gardner-Webb,,@,Pittsburgh,,
239,4,Sep 22 2012,Sat,Idaho State,,@,Nebraska,,
240,4,Sep 22 2012,Sat,Kansas,,@,Northern Illinois,,
241,4,Sep 22 2012,Sat,(15) Kansas State,,@,(5) Oklahoma,,
242,4,Sep 22 2012,Sat,Kentucky,,@,(18) Florida,,
243,4,Sep 22 2012,Sat,(3) Louisiana State,,@,Auburn,,
244,4,Sep 22 2012,Sat,Louisiana Tech,,@,Illinois,,
245,4,Sep 22 2012,Sat,(19) Louisville,,@,Florida International,,
246,4,Sep 22 2012,Sat,Marshall,,@,Rice,,
247,4,Sep 22 2012,Sat,Maryland,,@,(9) West Virginia,,
248,4,Sep 22 2012,Sat,Massachusetts,,@,Miami (OH),,
249,4,Sep 22 2012,Sat,Memphis,,@,Duke,,
250,4,Sep 22 2012,Sat,Miami (FL),,@,Georgia Tech,,
251,4,Sep 22 2012,Sat,(17) Michigan,,@,(20) Notre Dame,,
252,4,Sep 22 2012,Sat,Missouri,,@,(8) South Carolina,,
253,4,Sep 22 2012,Sat,Nevada,,@,Hawaii,,
254,4,Sep 22 2012,Sat,New Mexico,,@,New Mexico State,,
255,4,Sep 22 2012,Sat,Norfolk State,,@,Ohio,,
256,4,Sep 22 2012,Sat,Northwestern Oklahoma State,,@,Texas-San Antonio,,
257,4,Sep 22 2012,Sat,Oregon State,,@,(22) UCLA,,
258,4,Sep 22 2012,Sat,Rutgers,,@,Arkansas,,
259,4,Sep 22 2012,Sat,San Jose State,,@,San Diego State,,
260,4,Sep 22 2012,Sat,South Alabama,,@,Mississippi State,,
261,4,Sep 22 2012,Sat,South Carolina State,,@,Texas A&M,,
262,4,Sep 22 2012,Sat,South Dakota,,@,Northwestern,,
263,4,Sep 22 2012,Sat,South Florida,,@,Ball State,,
264,4,Sep 22 2012,Sat,Southern Mississippi,,@,Western Kentucky,,
265,4,Sep 22 2012,Sat,Stephen F. Austin,,@,Texas State,,
266,4,Sep 22 2012,Sat,Syracuse,,@,Minnesota,,
267,4,Sep 22 2012,Sat,Temple,,@,Penn State,,
268,4,Sep 22 2012,Sat,Texas-El Paso,,@,Wisconsin,,
269,4,Sep 22 2012,Sat,Troy,,@,North Texas,,
270,4,Sep 22 2012,Sat,Tulane,,@,Mississippi,,
271,4,Sep 22 2012,Sat,Utah,,@,Arizona State,,
272,4,Sep 22 2012,Sat,Utah State,,@,Colorado State,,
273,4,Sep 22 2012,Sat,Vanderbilt,,@,(7) Georgia,,
274,4,Sep 22 2012,Sat,Virginia,,@,(16) Texas Christian,,
275,4,Sep 22 2012,Sat,Virginia Military Institute,,@,Navy,,
276,4,Sep 22 2012,Sat,Wyoming,,@,Idaho,,
Rk,Wk,Date,Day,Winner/Tie,Pts,,Loser/Tie,Pts,Notes
277,5,Sep 27 2012,Thu,(21) Stanford,,@,Washington,,
278,5,Sep 29 2012,Sat,Arizona State,,@,California,,
279,5,Sep 29 2012,Sat,Ball State,,@,Kent State,,
280,5,Sep 29 2012,Sat,Baylor,,@,(9) West Virginia,,
281,5,Sep 29 2012,Sat,Boise State,,@,New Mexico,,
282,5,Sep 29 2012,Sat,Buffalo,,@,Connecticut,,
283,5,Sep 29 2012,Sat,Central Michigan,,@,Northern Illinois,,
284,5,Sep 29 2012,Sat,(11) Clemson,,@,Boston College,,
285,5,Sep 29 2012,Sat,Colorado State,,@,Air Force,,
286,5,Sep 29 2012,Sat,Duke,,@,Wake Forest,,
287,5,Sep 29 2012,Sat,Florida International,,@,Louisiana-Lafayette,,
288,5,Sep 29 2012,Sat,(5) Florida State,,@,South Florida,,
289,5,Sep 29 2012,Sat,Hawaii,,@,(25) Brigham Young,,
290,5,Sep 29 2012,Sat,Idaho,,@,North Carolina,,
291,5,Sep 29 2012,Sat,Indiana,,@,Northwestern,,
292,5,Sep 29 2012,Sat,Louisiana Tech,,@,Virginia,,
293,5,Sep 29 2012,Sat,Louisiana-Monroe,,@,Tulane,,
294,5,Sep 29 2012,Sat,(19) Louisville,,@,Southern Mississippi,,
295,5,Sep 29 2012,Sat,Marshall,,@,Purdue,,
296,5,Sep 29 2012,Sat,Miami (OH),,@,Akron,,
297,5,Sep 29 2012,Sat,Middle Tennessee State,,@,Georgia Tech,,
298,5,Sep 29 2012,Sat,Minnesota,,@,Iowa,,
299,5,Sep 29 2012,Sat,Mississippi,,@,(1) Alabama,,
300,5,Sep 29 2012,Sat,Missouri,,@,Central Florida,,
301,5,Sep 29 2012,Sat,Nevada,,@,Texas State,,
302,5,Sep 29 2012,Sat,Nevada-Las Vegas,,@,Utah State,,
303,5,Sep 29 2012,Sat,North Carolina State,,@,Miami (FL),,
304,5,Sep 29 2012,Sat,North Texas,,@,Florida Atlantic,,
305,5,Sep 29 2012,Sat,Ohio,,@,Massachusetts,,
306,5,Sep 29 2012,Sat,(12) Ohio State,,@,(10) Michigan State,,
307,5,Sep 29 2012,Sat,(4) Oregon,,@,Washington State,,
308,5,Sep 29 2012,Sat,Oregon State,,@,(24) Arizona,,
309,5,Sep 29 2012,Sat,Penn State,,@,Illinois,,
310,5,Sep 29 2012,Sat,Rhode Island,,@,Bowling Green State,,
311,5,Sep 29 2012,Sat,Rice,,,Houston,,Houston TX
312,5,Sep 29 2012,Sat,San Diego State,,@,Fresno State,,
313,5,Sep 29 2012,Sat,San Jose State,,@,Navy,,
314,5,Sep 29 2012,Sat,(8) South Carolina,,@,Kentucky,,
315,5,Sep 29 2012,Sat,Stony Brook,,@,Army,,
316,5,Sep 29 2012,Sat,(23) Tennessee,,@,(7) Georgia,,
317,5,Sep 29 2012,Sat,(14) Texas,,@,Oklahoma State,,
318,5,Sep 29 2012,Sat,Texas A&M,,,Arkansas,,Arlington TX
319,5,Sep 29 2012,Sat,(16) Texas Christian,,@,Southern Methodist,,
320,5,Sep 29 2012,Sat,Texas Tech,,@,Iowa State,,
321,5,Sep 29 2012,Sat,Texas-El Paso,,@,East Carolina,,
322,5,Sep 29 2012,Sat,Texas-San Antonio,,@,New Mexico State,,
323,5,Sep 29 2012,Sat,Toledo,,@,Western Michigan,,
324,5,Sep 29 2012,Sat,Towson,,@,(3) Louisiana State,,
325,5,Sep 29 2012,Sat,Troy,,@,South Alabama,,
326,5,Sep 29 2012,Sat,Tulsa,,@,Alabama-Birmingham,,
327,5,Sep 29 2012,Sat,(22) UCLA,,@,Colorado,,
328,5,Sep 29 2012,Sat,(13) Virginia Tech,,,Cincinnati,,Landover MD
329,5,Sep 29 2012,Sat,Western Kentucky,,@,Arkansas State,,
330,5,Sep 29 2012,Sat,Wisconsin,,@,Nebraska,,
Rk,Wk,Date,Day,Winner/Tie,Pts,,Loser/Tie,Pts,Notes
331,6,Oct 4 2012,Thu,Arkansas State,,@,Florida International,,
332,6,Oct 4 2012,Thu,East Carolina,,@,Central Florida,,
333,6,Oct 4 2012,Thu,(2) Southern California,,@,Utah,,
334,6,Oct 5 2012,Fri,Pittsburgh,,@,Syracuse,,
335,6,Oct 5 2012,Fri,Utah State,,@,(25) Brigham Young,,
336,6,Oct 6 2012,Sat,(24) Arizona,,@,(21) Stanford,,
337,6,Oct 6 2012,Sat,Arkansas,,@,Auburn,,
338,6,Oct 6 2012,Sat,Boise State,,@,Southern Mississippi,,
339,6,Oct 6 2012,Sat,Boston College,,@,Army,,
340,6,Oct 6 2012,Sat,Bowling Green State,,@,Akron,,
341,6,Oct 6 2012,Sat,Buffalo,,@,Ohio,,
342,6,Oct 6 2012,Sat,Central Michigan,,@,Toledo,,
343,6,Oct 6 2012,Sat,Connecticut,,@,Rutgers,,
344,6,Oct 6 2012,Sat,(5) Florida State,,@,North Carolina State,,
345,6,Oct 6 2012,Sat,Fresno State,,@,Colorado State,,
346,6,Oct 6 2012,Sat,(7) Georgia,,@,(8) South Carolina,,
347,6,Oct 6 2012,Sat,Georgia Tech,,@,(11) Clemson,,
348,6,Oct 6 2012,Sat,Hawaii,,@,San Diego State,,
349,6,Oct 6 2012,Sat,Illinois,,@,Wisconsin,,
350,6,Oct 6 2012,Sat,Iowa State,,@,(16) Texas Christian,,
351,6,Oct 6 2012,Sat,Kansas,,@,(15) Kansas State,,
352,6,Oct 6 2012,Sat,Kent State,,@,Eastern Michigan,,
353,6,Oct 6 2012,Sat,(3) Louisiana State,,@,(18) Florida,,
354,6,Oct 6 2012,Sat,Louisiana-Monroe,,@,Middle Tennessee State,,
355,6,Oct 6 2012,Sat,Massachusetts,,@,Western Michigan,,
356,6,Oct 6 2012,Sat,Miami (FL),,@,(20) Notre Dame,,Chicago IL
357,6,Oct 6 2012,Sat,Miami (OH),,@,Cincinnati,,
358,6,Oct 6 2012,Sat,(17) Michigan,,@,Purdue,,
359,6,Oct 6 2012,Sat,(10) Michigan State,,@,Indiana,,
360,6,Oct 6 2012,Sat,Mississippi State,,@,Kentucky,,
361,6,Oct 6 2012,Sat,Navy,,@,Air Force,,
362,6,Oct 6 2012,Sat,Nebraska,,@,(12) Ohio State,,
363,6,Oct 6 2012,Sat,Nevada-Las Vegas,,@,Louisiana Tech,,
364,6,Oct 6 2012,Sat,New Mexico State,,@,Idaho,,
365,6,Oct 6 2012,Sat,North Texas,,@,Houston,,
366,6,Oct 6 2012,Sat,Northern Illinois,,@,Ball State,,
367,6,Oct 6 2012,Sat,Northwestern,,@,Penn State,,
368,6,Oct 6 2012,Sat,(5) Oklahoma,,@,Texas Tech,,
369,6,Oct 6 2012,Sat,Rice,,@,Memphis,,
370,6,Oct 6 2012,Sat,South Florida,,@,Temple,,
371,6,Oct 6 2012,Sat,Southeastern Louisiana,,@,Alabama-Birmingham,,
372,6,Oct 6 2012,Sat,Southern Methodist,,@,Texas-El Paso,,
373,6,Oct 6 2012,Sat,Texas A&M,,@,Mississippi,,
374,6,Oct 6 2012,Sat,Texas State,,@,New Mexico,,
375,6,Oct 6 2012,Sat,Tulane,,@,Louisiana-Lafayette,,
376,6,Oct 6 2012,Sat,Tulsa,,@,Marshall,,
377,6,Oct 6 2012,Sat,(22) UCLA,,@,California,,
378,6,Oct 6 2012,Sat,Vanderbilt,,@,Missouri,,
379,6,Oct 6 2012,Sat,Virginia,,@,Duke,,
380,6,Oct 6 2012,Sat,(13) Virginia Tech,,@,North Carolina,,
381,6,Oct 6 2012,Sat,Wake Forest,,@,Maryland,,
382,6,Oct 6 2012,Sat,Washington,,@,(4) Oregon,,
383,6,Oct 6 2012,Sat,Washington State,,@,Oregon State,,
384,6,Oct 6 2012,Sat,(9) West Virginia,,@,(14) Texas,,
385,6,Oct 6 2012,Sat,Wyoming,,@,Nevada,,
Rk,Wk,Date,Day,Winner/Tie,Pts,,Loser/Tie,Pts,Notes
386,7,Oct 11 2012,Thu,Arizona State,,@,Colorado,,
387,7,Oct 11 2012,Thu,Texas-El Paso,,@,Tulsa,,
388,7,Oct 11 2012,Thu,Western Kentucky,,@,Troy,,
389,7,Oct 12 2012,Fri,Navy,,@,Central Michigan,,
390,7,Oct 13 2012,Sat,Air Force,,@,Wyoming,,
391,7,Oct 13 2012,Sat,Akron,,@,Ohio,,
392,7,Oct 13 2012,Sat,(1) Alabama,,@,Missouri,,
393,7,Oct 13 2012,Sat,Alabama-Birmingham,,@,Houston,,
394,7,Oct 13 2012,Sat,Auburn,,@,Mississippi,,
395,7,Oct 13 2012,Sat,Boston College,,@,(5) Florida State,,
396,7,Oct 13 2012,Sat,Buffalo,,@,Northern Illinois,,
397,7,Oct 13 2012,Sat,California,,@,Washington State,,
398,7,Oct 13 2012,Sat,Colorado State,,@,San Diego State,,
399,7,Oct 13 2012,Sat,Duke,,@,(13) Virginia Tech,,
400,7,Oct 13 2012,Sat,(18) Florida,,@,Vanderbilt,,
401,7,Oct 13 2012,Sat,Florida Atlantic,,@,Louisiana-Monroe,,
402,7,Oct 13 2012,Sat,Fordham,,@,Cincinnati,,
403,7,Oct 13 2012,Sat,Fresno State,,@,Boise State,,
404,7,Oct 13 2012,Sat,Idaho,,@,Texas State,,
405,7,Oct 13 2012,Sat,Illinois,,@,(17) Michigan,,
406,7,Oct 13 2012,Sat,Iowa,,@,(10) Michigan State,,
407,7,Oct 13 2012,Sat,(15) Kansas State,,@,Iowa State,,
408,7,Oct 13 2012,Sat,Kent State,,@,Army,,
409,7,Oct 13 2012,Sat,Kentucky,,@,Arkansas,,
410,7,Oct 13 2012,Sat,(19) Louisville,,@,Pittsburgh,,
411,7,Oct 13 2012,Sat,Maryland,,@,Virginia,,
412,7,Oct 13 2012,Sat,Memphis,,@,East Carolina,,
413,7,Oct 13 2012,Sat,Miami (OH),,@,Bowling Green State,,
414,7,Oct 13 2012,Sat,Middle Tennessee State,,@,Florida International,,
415,7,Oct 13 2012,Sat,Nevada,,@,Nevada-Las Vegas,,
416,7,Oct 13 2012,Sat,New Mexico,,@,Hawaii,,
417,7,Oct 13 2012,Sat,North Carolina,,@,Miami (FL),,
418,7,Oct 13 2012,Sat,Northwestern,,@,Minnesota,,
419,7,Oct 13 2012,Sat,(12) Ohio State,,@,Indiana,,
420,7,Oct 13 2012,Sat,Oklahoma State,,@,Kansas,,
421,7,Oct 13 2012,Sat,Oregon State,,@,(25) Brigham Young,,
422,7,Oct 13 2012,Sat,South Alabama,,@,Arkansas State,,
423,7,Oct 13 2012,Sat,(8) South Carolina,,@,(3) Louisiana State,,
424,7,Oct 13 2012,Sat,(2) Southern California,,@,Washington,,
425,7,Oct 13 2012,Sat,Southern Methodist,,@,Tulane,,
426,7,Oct 13 2012,Sat,Southern Mississippi,,@,Central Florida,,
427,7,Oct 13 2012,Sat,(21) Stanford,,@,(20) Notre Dame,,
428,7,Oct 13 2012,Sat,Syracuse,,@,Rutgers,,
429,7,Oct 13 2012,Sat,Temple,,@,Connecticut,,
430,7,Oct 13 2012,Sat,(23) Tennessee,,@,Mississippi State,,
431,7,Oct 13 2012,Sat,(14) Texas,,,(5) Oklahoma,,Dallas TX
432,7,Oct 13 2012,Sat,Texas A&M,,@,Louisiana Tech,,
433,7,Oct 13 2012,Sat,(16) Texas Christian,,@,Baylor,,
434,7,Oct 13 2012,Sat,Texas-San Antonio,,@,Rice,,
435,7,Oct 13 2012,Sat,Toledo,,@,Eastern Michigan,,
436,7,Oct 13 2012,Sat,Utah,,@,(22) UCLA,,
437,7,Oct 13 2012,Sat,Utah State,,@,San Jose State,,
438,7,Oct 13 2012,Sat,(9) West Virginia,,@,Texas Tech,,
439,7,Oct 13 2012,Sat,Western Michigan,,@,Ball State,,
440,7,Oct 13 2012,Sat,Wisconsin,,@,Purdue,,
Rk,Wk,Date,Day,Winner/Tie,Pts,,Loser/Tie,Pts,Notes
441,8,Oct 16 2012,Tue,Louisiana-Lafayette,,@,North Texas,,
442,8,Oct 18 2012,Thu,Houston,,@,Southern Methodist,,
443,8,Oct 18 2012,Thu,(4) Oregon,,@,Arizona State,,
444,8,Oct 19 2012,Fri,Connecticut,,@,Syracuse,,
445,8,Oct 20 2012,Sat,(1) Alabama,,@,(23) Tennessee,,
446,8,Oct 20 2012,Sat,Army,,@,Eastern Michigan,,
447,8,Oct 20 2012,Sat,Auburn,,@,Vanderbilt,,
448,8,Oct 20 2012,Sat,Ball State,,@,Central Michigan,,
449,8,Oct 20 2012,Sat,Baylor,,@,(14) Texas,,
450,8,Oct 20 2012,Sat,Boston College,,@,Georgia Tech,,
451,8,Oct 20 2012,Sat,Bowling Green State,,@,Massachusetts,,
452,8,Oct 20 2012,Sat,(25) Brigham Young,,@,(20) Notre Dame,,
453,8,Oct 20 2012,Sat,Central Florida,,@,Memphis,,
454,8,Oct 20 2012,Sat,Cincinnati,,@,Toledo,,
455,8,Oct 20 2012,Sat,Colorado,,@,(2) Southern California,,
456,8,Oct 20 2012,Sat,East Carolina,,@,Alabama-Birmingham,,
457,8,Oct 20 2012,Sat,Florida Atlantic,,@,South Alabama,,
458,8,Oct 20 2012,Sat,Florida International,,@,Troy,,
459,8,Oct 20 2012,Sat,(5) Florida State,,@,Miami (FL),,
460,8,Oct 20 2012,Sat,(7) Georgia,,@,Kentucky,,
461,8,Oct 20 2012,Sat,Idaho,,@,Louisiana Tech,,
462,8,Oct 20 2012,Sat,Indiana,,@,Navy,,
463,8,Oct 20 2012,Sat,Iowa State,,@,Oklahoma State,,
464,8,Oct 20 2012,Sat,Kansas,,@,(5) Oklahoma,,
465,8,Oct 20 2012,Sat,(15) Kansas State,,@,(9) West Virginia,,
466,8,Oct 20 2012,Sat,(3) Louisiana State,,@,Texas A&M,,
467,8,Oct 20 2012,Sat,Louisiana-Monroe,,@,Western Kentucky,,
468,8,Oct 20 2012,Sat,Marshall,,@,Southern Mississippi,,
469,8,Oct 20 2012,Sat,(10) Michigan State,,@,(17) Michigan,,
470,8,Oct 20 2012,Sat,Middle Tennessee State,,@,Mississippi State,,
471,8,Oct 20 2012,Sat,Minnesota,,@,Wisconsin,,
472,8,Oct 20 2012,Sat,Nebraska,,@,Northwestern,,
473,8,Oct 20 2012,Sat,Nevada-Las Vegas,,@,Boise State,,
474,8,Oct 20 2012,Sat,New Mexico,,@,Air Force,,
475,8,Oct 20 2012,Sat,New Mexico State,,@,Utah State,,
476,8,Oct 20 2012,Sat,North Carolina,,@,Duke,,
477,8,Oct 20 2012,Sat,North Carolina State,,@,Maryland,,
478,8,Oct 20 2012,Sat,Northern Illinois,,@,Akron,,
479,8,Oct 20 2012,Sat,Penn State,,@,Iowa,,
480,8,Oct 20 2012,Sat,Pittsburgh,,@,Buffalo,,
481,8,Oct 20 2012,Sat,Purdue,,@,(12) Ohio State,,
482,8,Oct 20 2012,Sat,Rice,,@,Tulsa,,
483,8,Oct 20 2012,Sat,Rutgers,,@,Temple,,
484,8,Oct 20 2012,Sat,San Diego State,,@,Nevada,,
485,8,Oct 20 2012,Sat,San Jose State,,@,Texas-San Antonio,,
486,8,Oct 20 2012,Sat,(8) South Carolina,,@,(18) Florida,,
487,8,Oct 20 2012,Sat,South Florida,,@,(19) Louisville,,
488,8,Oct 20 2012,Sat,(21) Stanford,,@,California,,
489,8,Oct 20 2012,Sat,Texas Tech,,@,(16) Texas Christian,,
490,8,Oct 20 2012,Sat,Tulane,,@,Texas-El Paso,,
491,8,Oct 20 2012,Sat,Utah,,@,Oregon State,,
492,8,Oct 20 2012,Sat,(13) Virginia Tech,,@,(11) Clemson,,
493,8,Oct 20 2012,Sat,Wake Forest,,@,Virginia,,
494,8,Oct 20 2012,Sat,Washington,,@,(24) Arizona,,
495,8,Oct 20 2012,Sat,Western Michigan,,@,Kent State,,
496,8,Oct 20 2012,Sat,Wyoming,,@,Fresno State,,
Rk,Wk,Date,Day,Winner/Tie,Pts,,Loser/Tie,Pts,Notes
497,9,Oct 23 2012,Tue,Arkansas State,,@,Louisiana-Lafayette,,
498,9,Oct 25 2012,Thu,(11) Clemson,,@,Wake Forest,,
499,9,Oct 26 2012,Fri,Cincinnati,,@,(19) Louisville,,
500,9,Oct 26 2012,Fri,Nevada,,@,Air Force,,
501,9,Oct 27 2012,Sat,Akron,,@,Central Michigan,,
502,9,Oct 27 2012,Sat,Alabama-Birmingham,,@,Tulane,,
503,9,Oct 27 2012,Sat,Ball State,,@,Army,,
504,9,Oct 27 2012,Sat,Baylor,,@,Iowa State,,
505,9,Oct 27 2012,Sat,Boise State,,@,Wyoming,,
506,9,Oct 27 2012,Sat,(25) Brigham Young,,@,Georgia Tech,,
507,9,Oct 27 2012,Sat,California,,@,Utah,,
508,9,Oct 27 2012,Sat,Central Florida,,@,Marshall,,
509,9,Oct 27 2012,Sat,Colorado,,@,(4) Oregon,,
510,9,Oct 27 2012,Sat,Duke,,@,(5) Florida State,,
511,9,Oct 27 2012,Sat,Eastern Michigan,,@,Bowling Green State,,
512,9,Oct 27 2012,Sat,Fresno State,,@,New Mexico,,
513,9,Oct 27 2012,Sat,(7) Georgia,,,(18) Florida,,Jacksonville FL
514,9,Oct 27 2012,Sat,Hawaii,,@,Colorado State,,
515,9,Oct 27 2012,Sat,Indiana,,@,Illinois,,
516,9,Oct 27 2012,Sat,Iowa,,@,Northwestern,,
517,9,Oct 27 2012,Sat,Kent State,,@,Rutgers,,
518,9,Oct 27 2012,Sat,Kentucky,,@,Missouri,,
519,9,Oct 27 2012,Sat,Louisiana Tech,,@,New Mexico State,,
520,9,Oct 27 2012,Sat,Maryland,,@,Boston College,,
521,9,Oct 27 2012,Sat,Massachusetts,,@,Vanderbilt,,
522,9,Oct 27 2012,Sat,Memphis,,@,Southern Methodist,,
523,9,Oct 27 2012,Sat,(17) Michigan,,@,Nebraska,,
524,9,Oct 27 2012,Sat,(10) Michigan State,,@,Wisconsin,,
525,9,Oct 27 2012,Sat,Mississippi,,@,Arkansas,,Little Rock AR
526,9,Oct 27 2012,Sat,Mississippi State,,@,(1) Alabama,,
527,9,Oct 27 2012,Sat,Navy,,@,East Carolina,,
528,9,Oct 27 2012,Sat,Nevada-Las Vegas,,@,San Diego State,,
529,9,Oct 27 2012,Sat,North Carolina State,,@,North Carolina,,
530,9,Oct 27 2012,Sat,North Texas,,@,Middle Tennessee State,,
531,9,Oct 27 2012,Sat,Northern Illinois,,@,Western Michigan,,
532,9,Oct 27 2012,Sat,(20) Notre Dame,,@,(5) Oklahoma,,
533,9,Oct 27 2012,Sat,Ohio,,@,Miami (OH),,
534,9,Oct 27 2012,Sat,(12) Ohio State,,@,Penn State,,
535,9,Oct 27 2012,Sat,Oregon State,,@,Washington,,
536,9,Oct 27 2012,Sat,Purdue,,@,Minnesota,,
537,9,Oct 27 2012,Sat,South Alabama,,@,Louisiana-Monroe,,
538,9,Oct 27 2012,Sat,(2) Southern California,,@,(24) Arizona,,
539,9,Oct 27 2012,Sat,Southern Mississippi,,@,Rice,,
540,9,Oct 27 2012,Sat,Syracuse,,@,South Florida,,
541,9,Oct 27 2012,Sat,Temple,,@,Pittsburgh,,
542,9,Oct 27 2012,Sat,(23) Tennessee,,@,(8) South Carolina,,
543,9,Oct 27 2012,Sat,(14) Texas,,@,Kansas,,
544,9,Oct 27 2012,Sat,Texas A&M,,@,Auburn,,
545,9,Oct 27 2012,Sat,(16) Texas Christian,,@,Oklahoma State,,
546,9,Oct 27 2012,Sat,Texas State,,@,San Jose State,,
547,9,Oct 27 2012,Sat,Texas Tech,,@,(15) Kansas State,,
548,9,Oct 27 2012,Sat,Texas-El Paso,,@,Houston,,
549,9,Oct 27 2012,Sat,Toledo,,@,Buffalo,,
550,9,Oct 27 2012,Sat,Troy,,@,Florida Atlantic,,
551,9,Oct 27 2012,Sat,(22) UCLA,,@,Arizona State,,
552,9,Oct 27 2012,Sat,Utah State,,@,Texas-San Antonio,,
553,9,Oct 27 2012,Sat,Washington State,,@,(21) Stanford,,
554,9,Oct 27 2012,Sat,Western Kentucky,,@,Florida International,,
Rk,Wk,Date,Day,Winner/Tie,Pts,,Loser/Tie,Pts,Notes
555,10,Nov 1 2012,Thu,Eastern Michigan,,@,Ohio,,
556,10,Nov 1 2012,Thu,Middle Tennessee State,,@,Western Kentucky,,
557,10,Nov 1 2012,Thu,(13) Virginia Tech,,@,Miami (FL),,
558,10,Nov 2 2012,Fri,Washington,,@,California,,
559,10,Nov 3 2012,Sat,Air Force,,@,Army,,
560,10,Nov 3 2012,Sat,Akron,,@,Kent State,,
561,10,Nov 3 2012,Sat,(1) Alabama,,@,(3) Louisiana State,,
562,10,Nov 3 2012,Sat,Alabama-Birmingham,,@,Southern Mississippi,,
563,10,Nov 3 2012,Sat,(24) Arizona,,@,(22) UCLA,,
564,10,Nov 3 2012,Sat,Arizona State,,@,Oregon State,,
565,10,Nov 3 2012,Sat,Arkansas State,,@,North Texas,,
566,10,Nov 3 2012,Sat,Boston College,,@,Wake Forest,,
567,10,Nov 3 2012,Sat,(11) Clemson,,@,Duke,,
568,10,Nov 3 2012,Sat,Colorado State,,@,Wyoming,,
569,10,Nov 3 2012,Sat,Connecticut,,@,South Florida,,
570,10,Nov 3 2012,Sat,Florida Atlantic,,@,Navy,,
571,10,Nov 3 2012,Sat,Florida International,,@,South Alabama,,
572,10,Nov 3 2012,Sat,Georgia Tech,,@,Maryland,,
573,10,Nov 3 2012,Sat,Hawaii,,@,Fresno State,,
574,10,Nov 3 2012,Sat,Houston,,@,East Carolina,,
575,10,Nov 3 2012,Sat,Illinois,,@,(12) Ohio State,,
576,10,Nov 3 2012,Sat,Iowa,,@,Indiana,,
577,10,Nov 3 2012,Sat,Kansas,,@,Baylor,,
578,10,Nov 3 2012,Sat,Louisiana-Lafayette,,@,Louisiana-Monroe,,
579,10,Nov 3 2012,Sat,Massachusetts,,@,Northern Illinois,,
580,10,Nov 3 2012,Sat,Memphis,,@,Marshall,,
581,10,Nov 3 2012,Sat,Miami (OH),,@,Buffalo,,
582,10,Nov 3 2012,Sat,(17) Michigan,,@,Minnesota,,
583,10,Nov 3 2012,Sat,Mississippi,,@,(7) Georgia,,
584,10,Nov 3 2012,Sat,Missouri,,@,(18) Florida,,
585,10,Nov 3 2012,Sat,Nebraska,,@,(10) Michigan State,,
586,10,Nov 3 2012,Sat,New Mexico,,@,Nevada-Las Vegas,,
587,10,Nov 3 2012,Sat,New Mexico State,,@,Auburn,,
588,10,Nov 3 2012,Sat,(5) Oklahoma,,@,Iowa State,,
589,10,Nov 3 2012,Sat,Oklahoma State,,@,(15) Kansas State,,
590,10,Nov 3 2012,Sat,(4) Oregon,,@,(2) Southern California,,
591,10,Nov 3 2012,Sat,Penn State,,@,Purdue,,
592,10,Nov 3 2012,Sat,Pittsburgh,,@,(20) Notre Dame,,
593,10,Nov 3 2012,Sat,Rice,,@,Tulane,,
594,10,Nov 3 2012,Sat,San Diego State,,@,Boise State,,
595,10,Nov 3 2012,Sat,San Jose State,,@,Idaho,,
596,10,Nov 3 2012,Sat,Southern Methodist,,@,Central Florida,,
597,10,Nov 3 2012,Sat,(21) Stanford,,@,Colorado,,
598,10,Nov 3 2012,Sat,Syracuse,,@,Cincinnati,,
599,10,Nov 3 2012,Sat,Temple,,@,(19) Louisville,,
600,10,Nov 3 2012,Sat,(14) Texas,,@,Texas Tech,,
601,10,Nov 3 2012,Sat,Texas A&M,,@,Mississippi State,,
602,10,Nov 3 2012,Sat,(16) Texas Christian,,@,(9) West Virginia,,
603,10,Nov 3 2012,Sat,Texas State,,@,Utah State,,
604,10,Nov 3 2012,Sat,Texas-San Antonio,,@,Louisiana Tech,,
605,10,Nov 3 2012,Sat,Troy,,@,(23) Tennessee,,
606,10,Nov 3 2012,Sat,Tulsa,,@,Arkansas,,
607,10,Nov 3 2012,Sat,Vanderbilt,,@,Kentucky,,
608,10,Nov 3 2012,Sat,Virginia,,@,North Carolina State,,
609,10,Nov 3 2012,Sat,Washington State,,@,Utah,,
610,10,Nov 3 2012,Sat,Western Michigan,,@,Central Michigan,,
Rk,Wk,Date,Day,Winner/Tie,Pts,,Loser/Tie,Pts,Notes
611,11,Nov 6 2012,Tue,Ball State,,@,Toledo,,
612,11,Nov 7 2012,Wed,Bowling Green State,,@,Ohio,,
613,11,Nov 8 2012,Thu,(5) Florida State,,@,(13) Virginia Tech,,
614,11,Nov 8 2012,Thu,Louisiana-Monroe,,@,Arkansas State,,
615,11,Nov 9 2012,Fri,Pittsburgh,,@,Connecticut,,
616,11,Nov 10 2012,Sat,Air Force,,@,San Diego State,,
617,11,Nov 10 2012,Sat,Arizona State,,@,(2) Southern California,,
618,11,Nov 10 2012,Sat,Arkansas,,@,(8) South Carolina,,
619,11,Nov 10 2012,Sat,Army,,@,Rutgers,,
620,11,Nov 10 2012,Sat,Baylor,,@,(5) Oklahoma,,
621,11,Nov 10 2012,Sat,Boise State,,@,Hawaii,,
622,11,Nov 10 2012,Sat,Central Florida,,@,Texas-El Paso,,
623,11,Nov 10 2012,Sat,Central Michigan,,@,Eastern Michigan,,
624,11,Nov 10 2012,Sat,Cincinnati,,@,Temple,,
625,11,Nov 10 2012,Sat,Colorado,,@,(24) Arizona,,
626,11,Nov 10 2012,Sat,Florida Atlantic,,@,Western Kentucky,,
627,11,Nov 10 2012,Sat,Fresno State,,@,Nevada,,
628,11,Nov 10 2012,Sat,(7) Georgia,,@,Auburn,,
629,11,Nov 10 2012,Sat,Georgia Tech,,@,North Carolina,,
630,11,Nov 10 2012,Sat,Idaho,,@,(25) Brigham Young,,
631,11,Nov 10 2012,Sat,Iowa State,,@,(14) Texas,,
632,11,Nov 10 2012,Sat,Kansas,,@,Texas Tech,,
633,11,Nov 10 2012,Sat,(15) Kansas State,,@,(16) Texas Christian,,
634,11,Nov 10 2012,Sat,Kent State,,@,Miami (OH),,
635,11,Nov 10 2012,Sat,Louisiana Tech,,@,Texas State,,
636,11,Nov 10 2012,Sat,Louisiana-Lafayette,,@,(18) Florida,,
637,11,Nov 10 2012,Sat,(19) Louisville,,@,Syracuse,,
638,11,Nov 10 2012,Sat,Marshall,,@,Alabama-Birmingham,,
639,11,Nov 10 2012,Sat,Maryland,,@,(11) Clemson,,
640,11,Nov 10 2012,Sat,Massachusetts,,@,Akron,,
641,11,Nov 10 2012,Sat,McNeese State,,@,Texas-San Antonio,,
642,11,Nov 10 2012,Sat,Miami (FL),,@,Virginia,,
643,11,Nov 10 2012,Sat,Minnesota,,@,Illinois,,
644,11,Nov 10 2012,Sat,Mississippi State,,@,(3) Louisiana State,,
645,11,Nov 10 2012,Sat,Missouri,,@,(23) Tennessee,,
646,11,Nov 10 2012,Sat,Navy,,@,Troy,,
647,11,Nov 10 2012,Sat,Nevada-Las Vegas,,@,Colorado State,,
648,11,Nov 10 2012,Sat,Northwestern,,@,(17) Michigan,,
649,11,Nov 10 2012,Sat,(20) Notre Dame,,@,Boston College,,
650,11,Nov 10 2012,Sat,(4) Oregon,,@,California,,
651,11,Nov 10 2012,Sat,Oregon State,,@,(21) Stanford,,
652,11,Nov 10 2012,Sat,Penn State,,@,Nebraska,,
653,11,Nov 10 2012,Sat,Purdue,,@,Iowa,,
654,11,Nov 10 2012,Sat,San Jose State,,@,New Mexico State,,
655,11,Nov 10 2012,Sat,South Alabama,,@,North Texas,,
656,11,Nov 10 2012,Sat,Southern Mississippi,,@,Southern Methodist,,
657,11,Nov 10 2012,Sat,Texas A&M,,@,(1) Alabama,,
658,11,Nov 10 2012,Sat,Tulane,,@,Memphis,,
659,11,Nov 10 2012,Sat,Tulsa,,@,Houston,,
660,11,Nov 10 2012,Sat,(22) UCLA,,@,Washington State,,
661,11,Nov 10 2012,Sat,Utah,,@,Washington,,
662,11,Nov 10 2012,Sat,Vanderbilt,,@,Mississippi,,
663,11,Nov 10 2012,Sat,Wake Forest,,@,North Carolina State,,
664,11,Nov 10 2012,Sat,(9) West Virginia,,@,Oklahoma State,,
665,11,Nov 10 2012,Sat,Western Michigan,,@,Buffalo,,
666,11,Nov 10 2012,Sat,Wisconsin,,@,Indiana,,
667,11,Nov 10 2012,Sat,Wyoming,,@,New Mexico,,
Rk,Wk,Date,Day,Winner/Tie,Pts,,Loser/Tie,Pts,Notes
668,12,Nov 14 2012,Wed,Ohio,,@,Ball State,,
669,12,Nov 14 2012,Wed,Toledo,,@,Northern Illinois,,
670,12,Nov 15 2012,Thu,North Carolina,,@,Virginia,,
671,12,Nov 16 2012,Fri,Florida International,,@,Florida Atlantic,,
672,12,Nov 16 2012,Fri,Hawaii,,@,Air Force,,
673,12,Nov 17 2012,Sat,Alabama A&M,,@,Auburn,,
674,12,Nov 17 2012,Sat,(24) Arizona,,@,Utah,,
675,12,Nov 17 2012,Sat,Arkansas,,@,Mississippi State,,
676,12,Nov 17 2012,Sat,Arkansas State,,@,Troy,,
677,12,Nov 17 2012,Sat,(25) Brigham Young,,@,San Jose State,,
678,12,Nov 17 2012,Sat,Buffalo,,@,Massachusetts,,
679,12,Nov 17 2012,Sat,California,,@,Oregon State,,
680,12,Nov 17 2012,Sat,Central Florida,,@,Tulsa,,
681,12,Nov 17 2012,Sat,Colorado State,,@,Boise State,,
682,12,Nov 17 2012,Sat,Duke,,@,Georgia Tech,,
683,12,Nov 17 2012,Sat,East Carolina,,@,Tulane,,
684,12,Nov 17 2012,Sat,Eastern Michigan,,@,Western Michigan,,
685,12,Nov 17 2012,Sat,(5) Florida State,,@,Maryland,,
686,12,Nov 17 2012,Sat,Georgia Southern,,@,(7) Georgia,,
687,12,Nov 17 2012,Sat,Houston,,@,Marshall,,
688,12,Nov 17 2012,Sat,Indiana,,@,Penn State,,
689,12,Nov 17 2012,Sat,Iowa,,@,(17) Michigan,,
690,12,Nov 17 2012,Sat,Iowa State,,@,Kansas,,
691,12,Nov 17 2012,Sat,Jacksonville State,,@,(18) Florida,,
692,12,Nov 17 2012,Sat,(15) Kansas State,,@,Baylor,,
693,12,Nov 17 2012,Sat,Kent State,,@,Bowling Green State,,
694,12,Nov 17 2012,Sat,Memphis,,@,Alabama-Birmingham,,
695,12,Nov 17 2012,Sat,Miami (OH),,@,Central Michigan,,
696,12,Nov 17 2012,Sat,Middle Tennessee State,,@,South Alabama,,
697,12,Nov 17 2012,Sat,Minnesota,,@,Nebraska,,
698,12,Nov 17 2012,Sat,Mississippi,,@,(3) Louisiana State,,
699,12,Nov 17 2012,Sat,Nevada,,@,New Mexico,,
700,12,Nov 17 2012,Sat,North Carolina State,,@,(11) Clemson,,
701,12,Nov 17 2012,Sat,North Texas,,@,Louisiana-Monroe,,
702,12,Nov 17 2012,Sat,Northwestern,,@,(10) Michigan State,,
703,12,Nov 17 2012,Sat,(12) Ohio State,,@,Wisconsin,,
704,12,Nov 17 2012,Sat,(5) Oklahoma,,@,(9) West Virginia,,
705,12,Nov 17 2012,Sat,Purdue,,@,Illinois,,
706,12,Nov 17 2012,Sat,Rutgers,,@,Cincinnati,,
707,12,Nov 17 2012,Sat,Sam Houston State,,@,Texas A&M,,
708,12,Nov 17 2012,Sat,Samford,,@,Kentucky,,
709,12,Nov 17 2012,Sat,South Florida,,@,Miami (FL),,
710,12,Nov 17 2012,Sat,(2) Southern California,,@,(22) UCLA,,
711,12,Nov 17 2012,Sat,Southern Methodist,,@,Rice,,
712,12,Nov 17 2012,Sat,(21) Stanford,,@,(4) Oregon,,
713,12,Nov 17 2012,Sat,Syracuse,,@,Missouri,,
714,12,Nov 17 2012,Sat,Temple,,@,Army,,
715,12,Nov 17 2012,Sat,(23) Tennessee,,@,Vanderbilt,,
716,12,Nov 17 2012,Sat,Texas State,,@,Navy,,
717,12,Nov 17 2012,Sat,Texas Tech,,@,Oklahoma State,,
718,12,Nov 17 2012,Sat,Texas-El Paso,,@,Southern Mississippi,,
719,12,Nov 17 2012,Sat,Texas-San Antonio,,@,Idaho,,
720,12,Nov 17 2012,Sat,Utah State,,@,Louisiana Tech,,
721,12,Nov 17 2012,Sat,(13) Virginia Tech,,@,Boston College,,
722,12,Nov 17 2012,Sat,Wake Forest,,@,(20) Notre Dame,,
723,12,Nov 17 2012,Sat,Washington,,@,Colorado,,
724,12,Nov 17 2012,Sat,Washington State,,@,Arizona State,,
725,12,Nov 17 2012,Sat,Western Carolina,,@,(1) Alabama,,
726,12,Nov 17 2012,Sat,Western Kentucky,,@,Louisiana-Lafayette,,
727,12,Nov 17 2012,Sat,Wofford,,@,(8) South Carolina,,
728,12,Nov 17 2012,Sat,Wyoming,,@,Nevada-Las Vegas,,
Rk,Wk,Date,Day,Winner/Tie,Pts,,Loser/Tie,Pts,Notes
729,13,Nov 20 2012,Tue,Akron,,@,Toledo,,
730,13,Nov 23 2012,Fri,Arizona State,,@,(24) Arizona,,
731,13,Nov 23 2012,Fri,Ball State,,@,Miami (OH),,
732,13,Nov 23 2012,Fri,Buffalo,,@,Bowling Green State,,Columbus OH
733,13,Nov 23 2012,Fri,Central Michigan,,@,Massachusetts,,
734,13,Nov 23 2012,Fri,(3) Louisiana State,,@,Arkansas,,
735,13,Nov 23 2012,Fri,Marshall,,@,East Carolina,,
736,13,Nov 23 2012,Fri,Nebraska,,@,Iowa,,
737,13,Nov 23 2012,Fri,Northern Illinois,,@,Eastern Michigan,,
738,13,Nov 23 2012,Fri,Ohio,,@,Kent State,,
739,13,Nov 23 2012,Fri,South Florida,,@,Cincinnati,,
740,13,Nov 23 2012,Fri,Syracuse,,@,Temple,,
741,13,Nov 23 2012,Fri,Utah,,@,Colorado,,
742,13,Nov 23 2012,Fri,Washington,,@,Washington State,,
743,13,Nov 23 2012,Fri,(9) West Virginia,,@,Iowa State,,
744,13,Nov 24 2012,Sat,Air Force,,@,Fresno State,,
745,13,Nov 24 2012,Sat,Alabama-Birmingham,,@,Central Florida,,
746,13,Nov 24 2012,Sat,Auburn,,@,(1) Alabama,,
747,13,Nov 24 2012,Sat,Boston College,,@,North Carolina State,,
748,13,Nov 24 2012,Sat,(25) Brigham Young,,@,New Mexico State,,
749,13,Nov 24 2012,Sat,Connecticut,,@,(19) Louisville,,
750,13,Nov 24 2012,Sat,(18) Florida,,@,(5) Florida State,,
751,13,Nov 24 2012,Sat,Georgia Tech,,@,(7) Georgia,,
752,13,Nov 24 2012,Sat,Idaho,,@,Utah State,,
753,13,Nov 24 2012,Sat,Illinois,,@,Northwestern,,
754,13,Nov 24 2012,Sat,Indiana,,@,Purdue,,
755,13,Nov 24 2012,Sat,Kentucky,,@,(23) Tennessee,,
756,13,Nov 24 2012,Sat,Louisiana Tech,,@,San Jose State,,
757,13,Nov 24 2012,Sat,Louisiana-Monroe,,@,Florida International,,
758,13,Nov 24 2012,Sat,Maryland,,@,North Carolina,,
759,13,Nov 24 2012,Sat,Miami (FL),,@,Duke,,
760,13,Nov 24 2012,Sat,(17) Michigan,,@,(12) Ohio State,,
761,13,Nov 24 2012,Sat,(10) Michigan State,,@,Minnesota,,
762,13,Nov 24 2012,Sat,Mississippi State,,@,Mississippi,,
763,13,Nov 24 2012,Sat,Missouri,,@,Texas A&M,,
764,13,Nov 24 2012,Sat,Nevada-Las Vegas,,@,Hawaii,,
765,13,Nov 24 2012,Sat,New Mexico,,@,Colorado State,,
766,13,Nov 24 2012,Sat,North Texas,,@,Western Kentucky,,
767,13,Nov 24 2012,Sat,(20) Notre Dame,,@,(2) Southern California,,
768,13,Nov 24 2012,Sat,Oklahoma State,,@,(5) Oklahoma,,
769,13,Nov 24 2012,Sat,(4) Oregon,,@,Oregon State,,
770,13,Nov 24 2012,Sat,Rice,,@,Texas-El Paso,,
771,13,Nov 24 2012,Sat,Rutgers,,@,Pittsburgh,,
772,13,Nov 24 2012,Sat,San Diego State,,@,Wyoming,,
773,13,Nov 24 2012,Sat,South Alabama,,@,Louisiana-Lafayette,,
774,13,Nov 24 2012,Sat,(8) South Carolina,,@,(11) Clemson,,
775,13,Nov 24 2012,Sat,Southern Mississippi,,@,Memphis,,
776,13,Nov 24 2012,Sat,(21) Stanford,,@,(22) UCLA,,
777,13,Nov 24 2012,Sat,(16) Texas Christian,,@,(14) Texas,,
778,13,Nov 24 2012,Sat,Texas State,,@,Texas-San Antonio,,
779,13,Nov 24 2012,Sat,Texas Tech,,,Baylor,,Arlington TX
780,13,Nov 24 2012,Sat,Troy,,@,Middle Tennessee State,,
781,13,Nov 24 2012,Sat,Tulane,,@,Houston,,
782,13,Nov 24 2012,Sat,Tulsa,,@,Southern Methodist,,
783,13,Nov 24 2012,Sat,Vanderbilt,,@,Wake Forest,,
784,13,Nov 24 2012,Sat,Virginia,,@,(13) Virginia Tech,,
785,13,Nov 24 2012,Sat,Wisconsin,,@,Penn State,,
Rk,Wk,Date,Day,Winner/Tie,Pts,,Loser/Tie,Pts,Notes
786,14,Nov 29 2012,Thu,(19) Louisville,,@,Rutgers,,
787,14,Dec 1 2012,Sat,Boise State,,@,Nevada,,
788,14,Dec 1 2012,Sat,Cincinnati,,@,Connecticut,,
789,14,Dec 1 2012,Sat,Kansas,,@,(9) West Virginia,,
790,14,Dec 1 2012,Sat,Louisiana-Lafayette,,@,Florida Atlantic,,
791,14,Dec 1 2012,Sat,Middle Tennessee State,,@,Arkansas State,,
792,14,Dec 1 2012,Sat,New Mexico State,,@,Texas State,,
793,14,Dec 1 2012,Sat,(5) Oklahoma,,@,(16) Texas Christian,,
794,14,Dec 1 2012,Sat,Oklahoma State,,@,Baylor,,
795,14,Dec 1 2012,Sat,Pittsburgh,,@,South Florida,,
796,14,Dec 1 2012,Sat,South Alabama,,@,Hawaii,,
797,14,Dec 1 2012,Sat,(14) Texas,,@,(15) Kansas State,,
Rk,Wk,Date,Day,Winner/Tie,Pts,,Loser/Tie,Pts,Notes
798,15,Dec 8 2012,Sat,Navy,,,Army,,Philadelphia PA
