1,Air Force,/cfb/schools/air-force/,1957,2012,56,632,338,282,12,.544,22,10,11,1,.477,1.56,0.43,6,3,,
2,Akron,/cfb/schools/akron/,1975,2012,27,296,115,178,3,.394,1,0,1,0,.000,-12.33,-7.16,0,1,,
3,Alabama,/cfb/schools/alabama/,1902,2012,109,1164,828,294,42,.729,59,34,22,3,.602,12.83,5.97,49,22,W-L adjusted to 799-303-41 by NCAA (more,/cfb/friv/forfeits.cgi),
4,Alabama-Birmingham,/cfb/schools/alabama-birmingham/,1996,2012,17,185,75,110,0,.405,1,0,1,0,.000,-7.26,-3.18,0,0,,
5,Alameda Coast Guard,/cfb/schools/alameda-coast-guard/,1943,1944,2,15,8,4,3,.633,,,,,,-0.12,-2.93,0,0,,
6,Alcorn State,/cfb/schools/alcorn-state/,1977,1977,1,11,3,8,0,.273,,,,,,-17.10,-8.53,0,0,,
7,Amarillo Field,/cfb/schools/amarillo-field/,1944,1944,1,8,5,3,0,.625,,,,,,5.14,0.92,0,0,,
8,Amherst,/cfb/schools/amherst/,1877,1906,25,239,108,110,21,.496,,,,,,-1.19,3.64,0,0,,
9,Appalachian State,/cfb/schools/appalachian-state/,1972,1981,10,110,49,56,5,.468,,,,,,-6.36,-6.82,0,0,,
10,Arizona,/cfb/schools/arizona/,1931,2012,79,841,438,380,23,.534,15,6,8,1,.433,1.46,1.30,7,6,,
11,Arizona State,/cfb/schools/arizona-state/,1931,2012,79,846,515,313,18,.619,25,12,12,1,.500,3.22,-0.88,15,17,,
12,Arkansas,/cfb/schools/arkansas/,1906,2012,107,1112,646,429,37,.598,39,13,23,3,.372,6.98,4.73,28,14,W-L adjusted to 647-428-37 by NCAA (more,/cfb/friv/forfeits.cgi),
13,Arkansas State,/cfb/schools/arkansas-state/,1974,2012,31,341,136,203,2,.402,2,0,2,0,.000,-11.33,-6.70,0,3,,
14,Army,/cfb/schools/army/,1891,2012,119,1153,638,464,51,.575,5,3,2,0,.600,3.98,2.29,14,0,,
15,Auburn,/cfb/schools/auburn/,1902,2012,110,1123,685,395,43,.629,37,22,13,2,.622,8.62,6.24,35,7,W-L adjusted to 688-393-42 by NCAA (more,/cfb/friv/forfeits.cgi),
16,Ball State,/cfb/schools/ball-state/,1975,2012,38,421,209,208,4,.501,5,0,5,0,.000,-8.70,-7.49,0,5,,
17,Bates,/cfb/schools/bates/,1901,1905,3,21,10,8,3,.548,,,,,,-1.85,2.77,0,0,,
18,Baylor,/cfb/schools/baylor/,1903,2012,107,1100,529,530,41,.500,18,9,9,0,.500,2.40,4.61,11,5,W-L adjusted to 529-530-40 by NCAA (more,/cfb/friv/forfeits.cgi),
19,Beloit,/cfb/schools/beloit/,1894,1905,9,85,39,36,10,.518,,,,,,-1.63,3.42,0,0,,
20,Birmingham-Southern,/cfb/schools/birmingham-southern/,1920,1924,4,36,16,17,3,.486,,,,,,-5.29,-0.81,0,0,,
21,Boise State,/cfb/schools/boise-state/,1996,2012,17,202,158,44,0,.782,12,8,4,0,.667,5.24,-4.81,8,10,,
22,Boston College,/cfb/schools/boston-college/,1901,2012,78,816,460,342,14,.572,22,13,9,0,.591,2.03,0.72,14,1,,
23,Boston University,/cfb/schools/boston-university/,1923,1964,20,170,73,90,7,.450,,,,,,-6.87,-3.85,1,0,,
24,Bowdoin,/cfb/schools/bowdoin/,1896,1905,7,66,33,30,3,.523,,,,,,-3.11,2.29,0,0,,
25,Bowling Green State,/cfb/schools/bowling-green-state/,1962,2012,51,551,307,233,11,.567,8,4,4,0,.500,-4.88,-6.57,1,7,,
26,Bradley,/cfb/schools/bradley/,1949,1951,3,29,14,15,0,.483,,,,,,-12.87,-11.59,0,0,,
27,Brigham Young,/cfb/schools/brigham-young/,1922,2012,88,931,522,383,26,.575,30,12,17,1,.417,-1.46,-2.17,17,23,,
28,Brown,/cfb/schools/brown/,1878,1981,93,858,431,392,35,.523,1,0,1,0,.000,-2.91,-0.88,0,1,,
29,Bucknell,/cfb/schools/bucknell/,1888,1946,40,357,168,157,32,.515,1,1,0,0,1.000,-2.99,1.21,0,0,,
30,Buffalo,/cfb/schools/buffalo/,1962,2012,23,240,81,155,4,.346,1,0,1,0,.000,-13.13,-7.28,0,1,,
31,Butler,/cfb/schools/butler/,1932,1933,2,15,4,10,1,.300,,,,,,-16.47,-7.41,0,0,,
32,Cal State Fullerton,/cfb/schools/cal-state-fullerton/,1975,1992,18,205,76,127,2,.376,1,0,1,0,.000,-12.72,-6.71,0,2,W-L adjusted to 77-126-2 by NCAA (more,/cfb/friv/forfeits.cgi),
33,Cal State Los Angeles,/cfb/schools/cal-state-los-angeles/,1969,1971,3,29,3,26,0,.103,,,,,,-27.59,-9.47,0,0,,
34,California,/cfb/schools/california/,1916,2012,97,1029,537,461,31,.537,21,10,10,1,.500,5.87,5.62,14,13,W-L adjusted to 534-464-31 by NCAA (more,/cfb/friv/forfeits.cgi),
35,California-Santa Barbara,/cfb/schools/california-santa-barbara/,1969,1971,3,32,11,21,0,.344,,,,,,-13.35,-6.94,0,0,,
36,Camp Grant,/cfb/schools/camp-grant/,1943,1943,1,10,2,6,2,.300,,,,,,9.03,16.08,0,0,,
37,Carlisle,/cfb/schools/carlisle/,1896,1917,21,252,165,77,10,.675,,,,,,8.12,5.96,0,0,,
38,Carnegie Mellon,/cfb/schools/carnegie-mellon/,1910,1940,20,172,84,75,13,.526,1,0,1,0,.000,3.99,4.84,1,0,,
39,Centenary (LA),/cfb/schools/centenary-la/,1930,1941,12,131,69,48,14,.580,1,0,0,1,.500,0.22,0.86,0,0,,
40,Central Florida,/cfb/schools/central-florida/,1996,2012,17,191,96,95,0,.503,4,1,3,0,.250,-3.48,-3.72,1,2,,
41,Central Michigan,/cfb/schools/central-michigan/,1975,2012,38,422,231,180,11,.560,6,2,4,0,.333,-6.88,-8.21,1,7,,
42,Centre,/cfb/schools/centre/,1919,1935,8,74,51,20,3,.709,3,2,1,0,.667,9.14,3.90,0,0,,
43,Chattanooga,/cfb/schools/chattanooga/,1909,1981,22,218,105,100,13,.511,,,,,,-5.92,-4.39,0,3,,
44,Chicago,/cfb/schools/chicago/,1892,1939,48,466,287,147,32,.650,,,,,,7.22,7.23,0,7,,
45,Cincinnati,/cfb/schools/cincinnati/,1954,2012,59,639,298,329,12,.476,10,5,5,0,.500,-3.42,-1.87,4,6,,
46,Citadel,/cfb/schools/citadel/,1909,1981,65,609,284,304,21,.484,1,1,0,0,1.000,-7.46,-4.66,0,1,,
47,Clemson,/cfb/schools/clemson/,1902,2012,111,1122,637,441,44,.587,34,16,18,0,.471,4.56,3.47,25,16,,
48,Coast Guard,/cfb/schools/coast-guard/,1944,1945,2,17,6,10,1,.382,,,,,,-4.66,1.22,0,0,,
49,Coe,/cfb/schools/coe/,1905,1905,1,9,1,7,1,.167,,,,,,-18.57,1.50,0,0,,
50,Colby,/cfb/schools/colby/,1904,1904,1,7,2,4,1,.357,,,,,,-8.02,3.23,0,0,,
51,Colgate,/cfb/schools/colgate/,1905,1981,76,670,363,266,41,.572,,,,,,-0.85,-1.68,0,0,,
52,Colorado,/cfb/schools/colorado/,1902,2012,111,1081,621,425,35,.591,28,12,16,0,.429,4.55,3.15,18,19,,
53,Colorado College,/cfb/schools/colorado-college/,1902,1945,39,296,169,109,18,.601,,,,,,-1.34,-0.80,1,2,,
54,Colorado Mines,/cfb/schools/colorado-mines/,1902,1937,36,239,98,128,13,.437,,,,,,-6.63,-0.31,0,3,,
55,Colorado State,/cfb/schools/colorado-state/,1902,2012,105,1012,469,512,31,.479,12,5,7,0,.417,-3.82,-1.07,3,15,W-L adjusted to 470-511-31 by NCAA (more,/cfb/friv/forfeits.cgi),
56,Columbia,/cfb/schools/columbia/,1870,1981,84,699,282,382,35,.428,1,1,0,0,1.000,-4.57,0.22,2,1,,
57,Connecticut,/cfb/schools/connecticut/,1979,2012,14,156,78,76,2,.506,5,3,2,0,.600,-2.16,-2.04,0,2,,
58,Cornell,/cfb/schools/cornell/,1888,1981,93,837,488,317,32,.602,,,,,,2.19,0.53,5,1,,
59,Cornell College,/cfb/schools/cornell-college/,1903,1903,1,9,1,8,0,.111,,,,,,-14.48,3.82,0,0,,
60,Creighton,/cfb/schools/creighton/,1927,1942,16,139,61,70,8,.468,,,,,,-6.26,-2.18,0,1,,
61,Cumberland,/cfb/schools/cumberland/,1903,1905,2,13,7,5,1,.577,,,,,,5.07,5.11,0,0,,
62,Dartmouth,/cfb/schools/dartmouth/,1881,1981,93,795,502,258,35,.653,,,,,,3.48,-0.26,5,12,,
63,Davidson,/cfb/schools/davidson/,1902,1973,66,600,248,312,40,.447,1,0,1,0,.000,-7.32,-3.38,0,1,,
64,Dayton,/cfb/schools/dayton/,1956,1976,21,216,78,130,8,.380,,,,,,-13.07,-7.94,0,0,,
65,Del Monte Pre-Flight,/cfb/schools/del-monte-pre-flight/,1943,1943,1,8,7,1,0,.875,,,,,,12.92,-4.55,1,0,,
66,Denver,/cfb/schools/denver/,1902,1960,59,520,259,228,33,.530,2,0,2,0,.000,-4.11,-1.73,0,6,,
67,Detroit Mercy,/cfb/schools/detroit-mercy/,1927,1964,36,338,196,132,10,.595,,,,,,0.24,-2.43,0,3,,
68,Dickinson,/cfb/schools/dickinson/,1889,1910,18,173,84,79,10,.514,,,,,,-3.35,1.15,0,0,,
69,Drake,/cfb/schools/drake/,1900,1985,73,666,316,326,24,.492,3,2,1,0,.667,-5.63,-2.99,0,7,,
70,Drury,/cfb/schools/drury/,1907,1907,1,5,1,4,0,.200,,,,,,-13.17,1.05,0,0,,
71,Duke,/cfb/schools/duke/,1922,2012,91,941,438,475,28,.480,8,3,5,0,.375,2.74,4.19,16,17,,
72,Duquesne,/cfb/schools/duquesne/,1933,1950,14,132,80,49,3,.617,1,1,0,0,1.000,1.05,-0.32,3,0,,
73,East Carolina,/cfb/schools/east-carolina/,1965,2012,48,532,280,249,3,.529,13,6,7,0,.462,-2.32,-2.22,2,6,W-L adjusted to 281-248-3 by NCAA (more,/cfb/friv/forfeits.cgi),
74,East Tennessee State,/cfb/schools/east-tennessee-state/,1979,1981,3,33,15,18,0,.455,,,,,,-9.46,-8.08,0,0,,
75,Eastern Michigan,/cfb/schools/eastern-michigan/,1975,2012,38,412,127,278,7,.317,1,1,0,0,1.000,-15.54,-7.73,0,1,,
76,Erskine,/cfb/schools/erskine/,1919,1936,5,39,12,27,0,.308,,,,,,-13.04,-2.38,0,0,,
77,Florida,/cfb/schools/florida/,1904,2012,101,1060,642,381,37,.623,39,20,19,0,.513,8.51,5.83,28,9,,
78,Florida A&amp;M,/cfb/schools/florida-am/,2004,2004,1,11,3,8,0,.273,,,,,,-21.65,-11.81,0,0,,
79,Florida Atlantic,/cfb/schools/florida-atlantic/,2004,2012,9,97,41,56,0,.423,2,2,0,0,1.000,-11.31,-5.07,0,1,,
80,Florida International,/cfb/schools/florida-international/,2004,2012,9,95,32,63,0,.337,2,1,1,0,.500,-12.42,-5.92,0,1,,
81,Florida State,/cfb/schools/florida-state/,1954,2012,59,678,448,214,16,.673,40,24,14,2,.625,11.21,4.68,28,12,W-L adjusted to 437-213-16 by NCAA (more,/cfb/friv/forfeits.cgi),
82,Fordham,/cfb/schools/fordham/,1909,1954,25,213,126,70,17,.631,2,1,1,0,.500,3.62,1.24,6,0,,
83,Fort Benning,/cfb/schools/fort-benning/,1922,1922,1,10,5,5,0,.500,,,,,,-6.13,-0.20,0,0,,
84,Fort Riley,/cfb/schools/fort-riley/,1943,1943,1,9,6,2,1,.722,,,,,,10.42,3.51,0,0,,
85,Fort Warren,/cfb/schools/fort-warren/,1944,1944,1,10,5,4,1,.550,,,,,,-4.09,-1.13,0,0,,
86,Franklin &amp; Marshall,/cfb/schools/franklin-marshall/,1889,1904,7,62,24,31,7,.444,,,,,,-6.68,0.81,0,0,,
87,Fresno State,/cfb/schools/fresno-state/,1969,2012,44,513,298,211,4,.585,18,9,9,0,.500,-1.99,-5.16,2,9,W-L adjusted to 299-210-4 by NCAA (more,/cfb/friv/forfeits.cgi),
88,Furman,/cfb/schools/furman/,1902,1981,61,605,297,280,28,.514,,,,,,-6.15,-4.31,0,3,,
89,George Washington,/cfb/schools/george-washington/,1908,1966,33,299,138,147,14,.485,1,1,0,0,1.000,-4.57,-2.72,1,0,,
90,Georgetown,/cfb/schools/georgetown/,1902,1950,36,313,184,110,19,.618,2,0,2,0,.000,2.76,1.20,1,0,,
91,Georgia,/cfb/schools/georgia/,1902,2012,109,1148,721,377,50,.650,47,26,18,3,.585,9.76,6.62,33,12,,
92,Georgia Pre-Flight,/cfb/schools/georgia-pre-flight/,1942,1943,2,15,12,2,1,.833,,,,,,11.16,4.14,0,0,,
93,Georgia Tech,/cfb/schools/georgia-tech/,1902,2012,111,1160,680,440,40,.603,40,22,18,0,.550,8.87,6.58,24,8,,
94,Gonzaga,/cfb/schools/gonzaga/,1922,1941,16,141,67,63,11,.514,1,0,1,0,.000,-2.55,-1.17,0,0,,
95,Grambling State,/cfb/schools/grambling-state/,1977,1977,1,11,10,1,0,.909,,,,,,6.73,-9.34,0,1,,
96,Great Lakes Navy,/cfb/schools/great-lakes-navy/,1918,1945,5,55,39,11,5,.755,1,1,0,0,1.000,16.39,9.50,2,0,,
97,Grinnell,/cfb/schools/grinnell/,1899,1936,26,218,90,110,18,.454,,,,,,-6.97,-0.62,0,0,,
98,Hamilton,/cfb/schools/hamilton/,1907,1907,1,5,1,4,0,.200,,,,,,-10.59,8.83,0,0,,
99,Hampden-Sydney,/cfb/schools/hampden-sydney/,1922,1940,5,44,14,29,1,.330,,,,,,-12.35,-3.02,0,0,,
100,Hardin-Simmons,/cfb/schools/hardin-simmons/,1939,1962,21,218,113,96,9,.539,6,4,2,0,.667,-5.37,-5.81,1,3,,
101,Harvard,/cfb/schools/harvard/,1875,1981,103,932,631,259,42,.700,1,1,0,0,1.000,4.21,0.51,0,5,,
102,Haskell,/cfb/schools/haskell/,1902,1916,12,110,57,49,4,.536,,,,,,-1.95,2.76,0,0,,
103,Haverford,/cfb/schools/haverford/,1891,1891,1,6,0,6,0,.000,,,,,,-23.89,1.26,0,0,,
104,Hawaii,/cfb/schools/hawaii/,1971,2012,40,473,253,214,6,.541,10,5,5,0,.500,-2.28,-2.69,2,4,,
105,Holy Cross,/cfb/schools/holy-cross/,1899,1981,53,524,264,233,27,.530,1,0,1,0,.000,-2.98,-2.75,5,0,,
106,Houston,/cfb/schools/houston/,1949,2012,64,700,371,314,15,.541,21,9,11,1,.452,3.24,2.23,13,10,W-L adjusted to 371-314-14 by NCAA (more,/cfb/friv/forfeits.cgi),
107,Idaho,/cfb/schools/idaho/,1917,2012,70,666,241,409,16,.374,2,2,0,0,1.000,-8.05,-1.94,0,1,,
108,Idaho State,/cfb/schools/idaho-state/,1944,1944,1,9,4,5,0,.444,,,,,,-11.60,-4.39,0,0,,
109,Illinois,/cfb/schools/illinois/,1892,2012,121,1152,570,533,49,.516,17,8,9,0,.471,6.74,7.63,13,15,,
110,Illinois State,/cfb/schools/illinois-state/,1975,1985,11,119,41,73,5,.366,,,,,,-15.36,-10.61,0,0,,
111,Indiana,/cfb/schools/indiana/,1899,2012,114,1067,424,605,38,.415,9,3,6,0,.333,2.05,6.69,5,2,W-L adjusted to 425-604-38 by NCAA (more,/cfb/friv/forfeits.cgi),
112,Indiana State,/cfb/schools/indiana-state/,1975,1985,11,120,60,59,1,.504,,,,,,-10.06,-9.23,0,0,,
113,Iowa,/cfb/schools/iowa/,1899,2012,114,1092,563,495,34,.531,26,14,11,1,.558,6.62,7.38,21,11,W-L adjusted to 564-494-34 by NCAA (more,/cfb/friv/forfeits.cgi),
114,Iowa Pre-Flight,/cfb/schools/iowa-pre-flight/,1942,1944,3,31,26,5,0,.839,,,,,,18.08,7.87,2,0,,
115,Iowa State,/cfb/schools/iowa-state/,1895,2012,115,1111,478,588,45,.450,11,3,8,0,.273,-0.09,3.24,2,2,W-L adjusted to 479-587-45 by NCAA (more,/cfb/friv/forfeits.cgi),
116,Jackson State,/cfb/schools/jackson-state/,1977,1977,1,11,8,3,0,.727,,,,,,-1.31,-9.75,0,0,,
117,Jacksonville Naval Air Station,/cfb/schools/jacksonville-naval-air-station/,1942,1942,1,12,9,3,0,.750,,,,,,6.46,-1.09,0,0,,
118,Kansas,/cfb/schools/kansas/,1901,2012,112,1114,514,546,54,.486,12,6,6,0,.500,1.73,4.29,7,5,,
119,Kansas State,/cfb/schools/kansas-state/,1912,2012,101,1017,416,566,35,.426,15,6,9,0,.400,-1.08,3.50,11,2,W-L adjusted to 417-566-34 by NCAA (more,/cfb/friv/forfeits.cgi),
120,Kent State,/cfb/schools/kent-state/,1962,2012,51,548,176,367,5,.326,1,0,1,0,.000,-13.30,-6.79,0,1,,
121,Kentucky,/cfb/schools/kentucky/,1915,2012,97,992,453,503,36,.475,15,8,7,0,.533,4.00,5.58,8,2,W-L adjusted to 454-502-36 by NCAA (more,/cfb/friv/forfeits.cgi),
122,Knox,/cfb/schools/knox/,1899,1905,5,52,27,23,2,.538,,,,,,-1.90,1.72,0,0,,
123,Lafayette,/cfb/schools/lafayette/,1882,1946,47,440,256,160,24,.609,,,,,,1.01,1.69,0,0,,
124,Lake Forest,/cfb/schools/lake-forest/,1893,1899,5,47,17,24,6,.426,,,,,,-7.97,1.36,0,0,,
125,Lamar,/cfb/schools/lamar/,1973,1981,9,97,33,60,4,.361,,,,,,-12.77,-7.31,0,0,,
126,Lawrence,/cfb/schools/lawrence/,1905,1905,1,10,7,3,0,.700,,,,,,3.09,3.93,0,0,,
127,Lehigh,/cfb/schools/lehigh/,1884,1965,43,412,195,197,20,.498,,,,,,-3.04,1.80,0,0,,
128,Lombard,/cfb/schools/lombard/,1903,1903,1,8,5,3,0,.625,,,,,,-2.35,3.24,0,0,,
129,Long Beach State,/cfb/schools/long-beach-state/,1969,1991,23,257,129,126,2,.506,1,0,0,1,.500,-7.67,-6.71,0,3,W-L adjusted to 130-125-2 by NCAA (more,/cfb/friv/forfeits.cgi),
130,Louisiana State,/cfb/schools/louisiana-state/,1902,2012,108,1127,703,377,47,.645,43,22,20,1,.523,9.55,6.22,35,11,W-L adjusted to 705-375-47 by NCAA (more,/cfb/friv/forfeits.cgi),
131,Louisiana Tech,/cfb/schools/louisiana-tech/,1975,2012,32,356,174,175,7,.499,6,2,3,1,.417,-4.59,-3.83,0,4,W-L adjusted to 175-174-7 by NCAA (more,/cfb/friv/forfeits.cgi),
132,Louisiana-Lafayette,/cfb/schools/louisiana-lafayette/,1973,2012,40,437,177,255,5,.411,1,1,0,0,1.000,-10.33,-5.63,0,4,W-L adjusted to 178-254-5 by NCAA (more,/cfb/friv/forfeits.cgi),
133,Louisiana-Monroe,/cfb/schools/louisiana-monroe/,1975,2012,26,284,100,182,2,.356,0,0,0,0,,-12.32,-5.69,0,1,,
134,Louisville,/cfb/schools/louisville/,1962,2012,51,564,290,267,7,.520,15,6,8,1,.433,-2.01,-1.99,7,7,W-L adjusted to 292-265-7 by NCAA (more,/cfb/friv/forfeits.cgi),
135,Loyola (LA),/cfb/schools/loyola-la/,1934,1936,3,28,10,17,1,.375,,,,,,-6.61,-0.59,0,0,,
136,Loyola Marymount,/cfb/schools/loyola-marymount/,1933,1951,13,127,66,57,4,.535,,,,,,-2.08,-1.96,0,0,,
137,Lubbock Field,/cfb/schools/lubbock-field/,1944,1944,1,9,5,4,0,.556,,,,,,-1.41,-0.31,0,0,,
138,Maine,/cfb/schools/maine/,1904,1905,2,16,8,7,1,.531,,,,,,-1.90,2.90,0,0,,
139,Manhattan,/cfb/schools/manhattan/,1936,1942,7,63,30,31,2,.492,,,,,,-0.84,2.27,0,0,,
140,March Field,/cfb/schools/march-field/,1943,1944,2,21,16,3,2,.810,,,,,,5.37,-3.49,2,0,,
141,Mare Island Marines,/cfb/schools/mare-island-marines/,1917,1918,2,19,18,1,0,.947,2,1,1,0,.500,13.72,-0.97,0,0,,
142,Marquette,/cfb/schools/marquette/,1927,1960,34,306,131,160,15,.453,1,0,1,0,.000,-0.74,2.32,1,0,,
143,Marshall,/cfb/schools/marshall/,1962,2012,36,395,166,226,3,.424,9,7,2,0,.778,-10.46,-5.69,2,5,,
144,Maryland,/cfb/schools/maryland/,1917,2012,96,1006,521,455,30,.533,24,11,11,2,.500,2.65,3.04,18,11,,
145,Maryville (TN),/cfb/schools/maryville-tn/,1906,1907,2,13,3,8,2,.308,,,,,,-9.89,5.48,0,0,,
146,Massachusetts,/cfb/schools/massachusetts/,1882,2012,15,116,47,63,6,.431,0,0,0,0,,-6.78,0.71,0,0,,
147,McNeese State,/cfb/schools/mcneese-state/,1975,1981,7,80,57,21,2,.725,3,1,2,0,.333,-1.17,-7.46,0,3,,
148,Memphis,/cfb/schools/memphis/,1960,2012,53,570,262,300,8,.467,6,3,3,0,.500,-1.62,-0.90,0,3,W-L adjusted to 263-299-8 by NCAA (more,/cfb/friv/forfeits.cgi),
149,Mercer,/cfb/schools/mercer/,1909,1936,15,138,56,73,9,.438,,,,,,-3.92,1.98,0,0,,
150,Merchant Marine,/cfb/schools/merchant-marine/,1945,1947,3,30,11,19,0,.367,,,,,,-13.85,-6.75,0,0,,
151,Miami (FL),/cfb/schools/miami-fl/,1936,2012,76,828,525,291,12,.641,33,18,15,0,.545,9.04,4.57,30,9,,
152,Miami (OH),/cfb/schools/miami-oh/,1962,2012,51,558,324,219,15,.594,8,5,3,0,.625,-3.09,-5.96,4,9,W-L adjusted to 325-218-15 by NCAA (more,/cfb/friv/forfeits.cgi),
153,Michigan,/cfb/schools/michigan/,1881,2012,123,1206,869,302,35,.735,41,20,21,0,.488,13.87,7.27,56,42,,
154,Michigan State,/cfb/schools/michigan-state/,1918,2012,88,893,515,348,30,.594,22,8,14,0,.364,9.21,6.10,23,7,W-L adjusted to 510-353-30 by NCAA (more,/cfb/friv/forfeits.cgi),
155,Middle Tennessee State,/cfb/schools/middle-tennessee-state/,1999,2012,14,154,69,85,0,.448,3,1,2,0,.333,-8.15,-5.99,0,2,,
156,Millsaps,/cfb/schools/millsaps/,1924,1924,1,9,3,5,1,.389,,,,,,-10.12,-4.36,0,0,,
157,Minnesota,/cfb/schools/minnesota/,1892,2012,121,1144,630,472,42,.569,14,5,9,0,.357,8.51,7.28,14,18,,
158,Mississippi,/cfb/schools/mississippi/,1902,2012,107,1092,591,467,34,.557,33,21,12,0,.636,4.54,4.47,23,6,W-L adjusted to 595-463-34 by NCAA (more,/cfb/friv/forfeits.cgi),
159,Mississippi College,/cfb/schools/mississippi-college/,1911,1924,10,81,38,37,6,.506,,,,,,-3.34,2.14,0,0,,
160,Mississippi State,/cfb/schools/mississippi-state/,1902,2012,108,1066,515,514,37,.500,15,9,6,0,.600,2.94,4.72,12,1,W-L adjusted to 498-532-36 by NCAA (more,/cfb/friv/forfeits.cgi),
161,Mississippi Valley State,/cfb/schools/mississippi-valley-state/,1977,1977,1,10,5,5,0,.500,,,,,,-11.39,-10.14,0,0,,
162,Missouri,/cfb/schools/missouri/,1901,2012,111,1120,577,493,50,.538,29,13,16,0,.448,4.64,5.03,17,12,W-L adjusted to 579-491-50 by NCAA (more,/cfb/friv/forfeits.cgi),
163,MIT,/cfb/schools/mit/,1882,1899,12,77,27,48,2,.364,,,,,,-5.20,4.20,0,0,,
164,Montana,/cfb/schools/montana/,1917,1962,38,332,123,199,10,.386,,,,,,-8.84,-2.40,0,0,,
165,Montana State,/cfb/schools/montana-state/,1923,1947,17,140,65,66,9,.496,1,0,0,1,.500,-7.32,-3.74,0,2,,
166,Nashville,/cfb/schools/nashville/,1904,1904,1,9,1,7,1,.167,,,,,,-11.26,3.68,0,0,,
167,Navy,/cfb/schools/navy/,1891,2012,119,1187,623,512,52,.547,17,7,9,1,.441,4.11,3.70,12,0,,
168,Nebraska,/cfb/schools/nebraska/,1900,2012,113,1173,811,324,38,.708,48,24,24,0,.500,11.12,5.73,47,43,W-L adjusted to 812-324-37 by NCAA (more,/cfb/friv/forfeits.cgi),
169,Nevada,/cfb/schools/nevada/,1946,2012,26,292,165,127,0,.565,12,4,8,0,.333,-3.42,-5.48,1,7,,
170,Nevada-Las Vegas,/cfb/schools/nevada-las-vegas/,1978,2012,35,391,152,236,3,.393,3,3,0,0,1.000,-9.07,-3.48,0,1,W-L adjusted to 141-247-3 by NCAA (more,/cfb/friv/forfeits.cgi),
171,New Hampshire,/cfb/schools/new-hampshire/,1904,1905,2,15,4,9,2,.333,,,,,,-11.44,-0.40,0,0,,
172,New Mexico,/cfb/schools/new-mexico/,1931,2012,81,862,365,480,17,.433,10,3,6,1,.350,-6.40,-3.06,0,4,,
173,New Mexico State,/cfb/schools/new-mexico-state/,1931,2012,79,822,293,515,14,.365,3,2,0,1,.833,-12.82,-6.99,1,4,W-L adjusted to 294-514-14 by NCAA (more,/cfb/friv/forfeits.cgi),
174,New York University,/cfb/schools/new-york-university/,1927,1952,24,205,97,99,9,.495,,,,,,-4.22,-0.82,0,0,,
175,Newberry,/cfb/schools/newberry/,1914,1925,11,86,34,48,4,.419,,,,,,-9.95,-0.71,0,0,,
176,Norman Naval Air Station,/cfb/schools/norman-naval-air-station/,1944,1944,1,6,6,0,0,1.000,,,,,,18.06,6.21,1,0,,
177,North Carolina,/cfb/schools/north-carolina/,1902,2012,109,1121,602,471,48,.558,29,13,16,0,.448,4.76,4.87,15,7,,
178,North Carolina Pre-Flight,/cfb/schools/north-carolina-pre-flight/,1942,1943,2,18,10,6,2,.611,,,,,,3.23,3.87,0,0,,
179,North Carolina State,/cfb/schools/north-carolina-state/,1902,2012,107,1087,526,515,46,.505,26,14,11,1,.558,1.46,3.15,12,7,,
180,North Texas,/cfb/schools/north-texas/,1953,2012,48,510,217,282,11,.436,5,1,4,0,.200,-7.99,-4.57,0,9,W-L adjusted to 220-279-11 by NCAA (more,/cfb/friv/forfeits.cgi),
181,Northern Arizona,/cfb/schools/northern-arizona/,1931,1952,19,152,49,91,12,.362,,,,,,-17.73,-9.72,0,0,,
182,Northern Colorado,/cfb/schools/northern-colorado/,1923,1937,15,115,51,57,7,.474,,,,,,-10.73,-6.15,0,1,,
183,Northern Illinois,/cfb/schools/northern-illinois/,1968,2012,45,498,225,269,4,.456,7,4,3,0,.571,-9.56,-7.05,0,2,,
184,Northwestern,/cfb/schools/northwestern/,1892,2012,119,1144,479,625,40,.436,10,1,9,0,.100,2.76,7.76,8,8,W-L adjusted to 480-624-40 by NCAA (more,/cfb/friv/forfeits.cgi),
185,Northwestern State,/cfb/schools/northwestern-state/,1976,1979,4,41,19,22,0,.463,,,,,,-12.36,-7.69,0,0,,
186,Notre Dame,/cfb/schools/notre-dame/,1899,2012,106,1094,776,285,33,.724,31,15,16,0,.484,14.87,7.99,49,0,,
187,Oglethorpe,/cfb/schools/oglethorpe/,1919,1925,7,69,31,35,3,.471,,,,,,-3.68,2.13,0,0,,
188,Ohio,/cfb/schools/ohio/,1962,2012,51,556,225,322,9,.413,6,1,5,0,.167,-9.87,-6.17,1,3,,
189,Ohio State,/cfb/schools/ohio-state/,1904,2012,101,1002,717,249,36,.734,43,20,23,0,.465,14.73,7.68,51,35,W-L adjusted to 705-248-36 by NCAA (more,/cfb/friv/forfeits.cgi),
190,Oklahoma,/cfb/schools/oklahoma/,1903,2012,104,1102,768,287,47,.718,45,27,17,1,.611,12.13,5.28,52,42,,
191,Oklahoma State,/cfb/schools/oklahoma-state/,1914,2012,99,1024,497,486,41,.505,22,14,8,0,.636,1.90,3.38,10,10,,
192,Oregon,/cfb/schools/oregon/,1916,2012,95,976,514,428,34,.544,25,10,15,0,.400,4.84,4.80,12,10,W-L adjusted to 515-427-34 by NCAA (more,/cfb/friv/forfeits.cgi),
193,Oregon State,/cfb/schools/oregon-state/,1916,2012,95,974,430,508,36,.460,13,8,5,0,.615,1.95,5.06,9,5,W-L adjusted to 432-506-36 by NCAA (more,/cfb/friv/forfeits.cgi),
194,Pacific,/cfb/schools/pacific/,1943,1995,47,498,209,280,9,.429,2,1,1,0,.500,-7.78,-5.15,1,0,W-L adjusted to 210-279-9 by NCAA (more,/cfb/friv/forfeits.cgi),
195,Penn State,/cfb/schools/penn-state/,1889,2012,119,1195,805,353,37,.689,44,27,15,2,.636,9.06,4.27,40,3,W-L adjusted to 693-353-37 by NCAA (more,/cfb/friv/forfeits.cgi),
196,Pennsylvania,/cfb/schools/pennsylvania/,1876,1981,105,1027,618,369,40,.621,1,0,1,0,.000,3.32,2.23,7,1,,
197,Phillips,/cfb/schools/phillips/,1920,1921,2,19,7,8,4,.474,,,,,,-6.92,-0.91,0,0,,
198,Pittsburgh,/cfb/schools/pittsburgh/,1905,2012,108,1103,628,438,37,.586,28,12,16,0,.429,7.51,6.23,19,2,W-L adjusted to 629-437-37 by NCAA (more,/cfb/friv/forfeits.cgi),
199,Portland,/cfb/schools/portland/,1946,1947,2,19,3,15,1,.184,,,,,,-20.88,-9.37,0,0,,
200,Prairie View A&amp;M,/cfb/schools/prairie-view-am/,1977,1977,1,11,3,8,0,.273,,,,,,-19.35,-9.69,0,0,,
201,Presbyterian,/cfb/schools/presbyterian/,1915,1945,16,127,58,63,6,.480,,,,,,-5.55,-1.09,0,0,,
202,Princeton,/cfb/schools/princeton/,1869,1981,109,918,637,233,48,.720,,,,,,6.02,1.19,4,5,,
203,Purdue,/cfb/schools/purdue/,1892,2012,121,1127,575,504,48,.531,16,9,7,0,.563,6.15,6.80,17,8,W-L adjusted to 576-503-48 by NCAA (more,/cfb/friv/forfeits.cgi),
204,Quantico Marines,/cfb/schools/quantico-marines/,1965,1965,1,10,6,4,0,.600,,,,,,-6.22,-11.46,0,0,,
205,Randolph Field,/cfb/schools/randolph-field/,1944,1944,1,12,12,0,0,1.000,,,,,,16.18,-2.41,1,0,,
206,Regis (CO),/cfb/schools/regis-co/,1924,1930,3,25,9,16,0,.360,,,,,,-12.84,-5.01,0,0,,
207,Rhodes,/cfb/schools/rhodes/,1939,1939,1,9,3,5,1,.389,,,,,,-5.39,-0.50,0,0,,
208,Rice,/cfb/schools/rice/,1914,2012,99,1023,428,563,32,.434,9,5,4,0,.556,0.51,4.71,8,6,W-L adjusted to 429-562-32 by NCAA (more,/cfb/friv/forfeits.cgi),
209,Richmond,/cfb/schools/richmond/,1909,1983,58,566,233,305,28,.436,2,1,1,0,.500,-8.49,-4.66,0,4,,
210,Rutgers,/cfb/schools/rutgers/,1869,2012,98,891,444,425,22,.511,7,5,2,0,.714,-3.11,-2.05,4,0,W-L adjusted to 445-424-22 by NCAA (more,/cfb/friv/forfeits.cgi),
211,Saint Louis,/cfb/schools/saint-louis/,1907,1949,18,173,82,78,13,.512,,,,,,-6.34,-4.49,0,0,,
212,Saint Mary's (CA),/cfb/schools/saint-marys-ca/,1930,1950,20,182,101,70,11,.585,3,1,2,0,.333,2.65,2.25,1,0,,
213,Saint Mary's (CA) Pre-Flight,/cfb/schools/saint-marys-ca-pre-flight/,1942,1944,3,26,13,11,2,.538,,,,,,2.46,0.38,1,0,,
214,Samford,/cfb/schools/samford/,1907,1924,11,95,27,57,11,.342,,,,,,-8.87,2.09,0,0,,
215,San Diego State,/cfb/schools/san-diego-state/,1969,2012,44,499,260,231,8,.529,6,2,4,0,.333,-0.27,-0.81,1,6,W-L adjusted to 261-230-8 by NCAA (more,/cfb/friv/forfeits.cgi),
216,San Francisco,/cfb/schools/san-francisco/,1932,1951,18,163,77,76,10,.503,,,,,,-0.88,-0.31,1,0,,
217,San Jose State,/cfb/schools/san-jose-state/,1950,2012,63,678,300,364,14,.453,6,3,3,0,.500,-5.53,-2.97,0,8,W-L adjusted to 301-363-14 by NCAA (more,/cfb/friv/forfeits.cgi),
218,Santa Clara,/cfb/schools/santa-clara/,1932,1952,18,163,98,54,11,.635,3,3,0,0,1.000,6.37,4.55,6,0,,
219,Second Air Force,/cfb/schools/second-air-force/,1944,1944,1,15,10,4,1,.700,,,,,,12.49,1.28,1,0,,
220,Sewanee,/cfb/schools/sewanee/,1902,1941,40,339,161,155,23,.509,,,,,,0.46,4.29,0,0,,
221,Simpson,/cfb/schools/simpson/,1902,1903,2,10,3,7,0,.300,,,,,,-5.53,7.20,0,0,,
222,South Alabama,/cfb/schools/south-alabama/,2012,2012,1,0,,,,,0,0,0,0,,,,0,0,,
223,South Carolina,/cfb/schools/south-carolina/,1903,2012,105,1072,521,510,41,.505,17,5,12,0,.294,1.82,3.32,7,1,W-L adjusted to 522-509-41 by NCAA (more,/cfb/friv/forfeits.cgi),
224,South Florida,/cfb/schools/south-florida/,2000,2012,13,144,88,56,0,.611,6,4,2,0,.667,2.13,-1.42,0,0,,
225,Southern,/cfb/schools/southern/,1977,1977,1,11,3,7,1,.318,,,,,,-15.39,-8.46,0,0,,
226,Southern California,/cfb/schools/southern-california/,1922,2012,91,1007,695,272,40,.710,48,32,16,0,.667,14.37,7.77,45,37,W-L adjusted to 681-272-40 by NCAA (more,/cfb/friv/forfeits.cgi),
227,Southern Illinois,/cfb/schools/southern-illinois/,1972,1985,14,156,68,85,3,.446,,,,,,-11.97,-9.12,0,0,,
228,Southern Methodist,/cfb/schools/southern-methodist/,1916,2012,95,1001,459,488,54,.486,14,6,7,1,.464,2.60,4.50,11,10,,
229,Southern Mississippi,/cfb/schools/southern-mississippi/,1963,2012,50,557,323,228,6,.585,18,10,8,0,.556,1.69,-0.81,3,5,W-L adjusted to 326-225-6 by NCAA (more,/cfb/friv/forfeits.cgi),
230,Southwestern (TX),/cfb/schools/southwestern-tx/,1910,1921,12,78,23,49,6,.333,,,,,,-7.10,3.55,0,0,,
231,Spring Hill,/cfb/schools/spring-hill/,1919,1922,3,23,11,11,1,.500,,,,,,-3.17,2.01,0,0,,
232,Springfield,/cfb/schools/springfield/,1891,1892,2,21,9,11,1,.452,,,,,,-0.79,4.74,0,0,,
233,Stanford,/cfb/schools/stanford/,1918,2012,92,960,508,418,34,.547,22,10,11,1,.477,6.44,6.30,15,11,,
234,Stevens,/cfb/schools/stevens/,1872,1891,19,123,36,74,13,.346,,,,,,-4.24,1.48,0,0,,
235,Swarthmore,/cfb/schools/swarthmore/,1888,1912,8,65,40,24,1,.623,,,,,,3.32,3.25,0,0,,
236,Syracuse,/cfb/schools/syracuse/,1899,2012,111,1118,634,443,41,.585,23,13,9,1,.587,4.57,3.15,15,4,,
237,Tampa,/cfb/schools/tampa/,1966,1974,7,73,43,30,0,.589,1,1,0,0,1.000,-3.51,-6.69,0,0,,
238,Temple,/cfb/schools/temple/,1930,2012,65,665,275,364,26,.433,4,2,2,0,.500,-3.05,0.45,1,0,W-L adjusted to 270-369-26 by NCAA (more,/cfb/friv/forfeits.cgi),
239,Tennessee,/cfb/schools/tennessee/,1902,2012,108,1149,769,329,51,.691,49,25,24,0,.510,10.41,5.36,42,13,W-L adjusted to 770-329-50 by NCAA (more,/cfb/friv/forfeits.cgi),
240,Tennessee Medical College,/cfb/schools/tennessee-medical-college/,1904,1904,1,6,2,4,0,.333,,,,,,-13.94,1.79,0,0,,
241,Tennessee State,/cfb/schools/tennessee-state/,1977,1977,1,10,8,1,1,.850,,,,,,3.58,-8.07,0,0,,
242,Texas,/cfb/schools/texas/,1902,2012,111,1159,807,320,32,.710,50,26,22,2,.540,12.12,6.05,45,29,W-L adjusted to 808-320-31 by NCAA (more,/cfb/friv/forfeits.cgi),
243,Texas A&amp;M,/cfb/schools/texas-am/,1903,2012,110,1140,659,437,44,.597,33,14,19,0,.424,7.63,5.13,24,19,,
244,Texas Christian,/cfb/schools/texas-christian/,1903,2012,107,1116,572,494,50,.535,28,13,14,1,.482,2.32,3.47,17,15,W-L adjusted to 572-493-50 by NCAA (more,/cfb/friv/forfeits.cgi),
245,Texas Southern,/cfb/schools/texas-southern/,1977,1977,1,11,6,4,1,.591,,,,,,-5.98,-9.32,0,0,,
246,Texas State,/cfb/schools/texas-state/,2012,2012,1,0,,,,,0,0,0,0,,,,0,0,,
247,Texas Tech,/cfb/schools/texas-tech/,1932,2012,81,896,493,379,24,.564,34,12,21,1,.368,4.15,2.78,11,10,,
248,Texas-Arlington,/cfb/schools/texas-arlington/,1971,1981,11,120,49,71,0,.408,,,,,,-9.71,-5.84,0,1,,
249,Texas-El Paso,/cfb/schools/texas-el-paso/,1935,2012,75,801,303,480,18,.390,13,5,8,0,.385,-8.67,-4.07,0,2,,
250,Texas-San Antonio,/cfb/schools/texas-san-antonio/,2012,2012,1,0,,,,,0,0,0,0,,,,0,0,,
251,Toledo,/cfb/schools/toledo/,1962,2012,51,564,321,235,8,.576,12,8,4,0,.667,-5.41,-7.21,4,10,W-L adjusted to 323-233-8 by NCAA (more,/cfb/friv/forfeits.cgi),
252,Trinity (CT),/cfb/schools/trinity-ct/,1887,1901,15,126,50,62,14,.452,,,,,,-4.52,1.72,0,0,,
253,Troy,/cfb/schools/troy/,2001,2012,12,134,72,62,0,.537,5,2,3,0,.400,-4.79,-4.62,0,5,,
254,Tufts,/cfb/schools/tufts/,1877,1905,17,178,70,103,5,.407,,,,,,-6.22,1.83,0,0,,
255,Tulane,/cfb/schools/tulane/,1902,2012,108,1075,471,569,35,.454,10,4,6,0,.400,0.77,4.02,7,4,W-L adjusted to 468-572-35 by NCAA (more,/cfb/friv/forfeits.cgi),
256,Tulsa,/cfb/schools/tulsa/,1917,2012,81,864,448,398,18,.529,18,8,10,0,.444,-1.14,-1.37,8,26,,
257,UCLA,/cfb/schools/ucla/,1928,2012,85,908,533,344,31,.604,31,14,16,1,.468,9.49,6.93,30,16,W-L adjusted to 526-351-31 by NCAA (more,/cfb/friv/forfeits.cgi),
258,Union (NY),/cfb/schools/union-ny/,1894,1902,3,18,3,15,0,.167,,,,,,-10.45,8.70,0,0,,
259,Utah,/cfb/schools/utah/,1905,2012,106,1027,592,405,30,.591,17,13,4,0,.765,1.71,-0.51,5,24,,
260,Utah State,/cfb/schools/utah-state/,1912,2012,98,957,451,478,28,.486,6,1,5,0,.167,-5.36,-3.46,1,11,W-L adjusted to 453-476-28 by NCAA (more,/cfb/friv/forfeits.cgi),
261,Vanderbilt,/cfb/schools/vanderbilt/,1902,2012,109,1096,502,551,43,.478,5,2,2,1,.500,3.95,5.48,1,0,W-L adjusted to 503-550-43 by NCAA (more,/cfb/friv/forfeits.cgi),
262,Vermont,/cfb/schools/vermont/,1901,1905,5,48,21,22,5,.490,,,,,,-3.55,3.51,0,0,,
263,Villanova,/cfb/schools/villanova/,1905,1980,59,547,270,260,17,.509,5,2,2,1,.500,-2.24,-1.31,3,0,,
264,Virginia,/cfb/schools/virginia/,1890,2012,109,1106,545,524,37,.509,18,7,11,0,.389,1.04,2.26,9,2,,
265,Virginia Military Institute,/cfb/schools/virginia-military-institute/,1904,1981,70,684,306,344,34,.472,,,,,,-5.31,-2.01,1,7,,
266,Virginia Tech,/cfb/schools/virginia-tech/,1902,2012,109,1116,654,418,44,.606,25,9,16,0,.360,3.05,0.69,18,8,W-L adjusted to 655-417-44 by NCAA (more,/cfb/friv/forfeits.cgi),
267,Wabash,/cfb/schools/wabash/,1904,1905,2,17,8,9,0,.471,,,,,,3.10,5.44,0,0,,
268,Wake Forest,/cfb/schools/wake-forest/,1908,2012,105,1046,410,605,31,.407,10,6,4,0,.600,-2.78,2.49,4,2,,
269,Washburn,/cfb/schools/washburn/,1905,1940,7,68,29,38,1,.434,,,,,,-11.76,-5.97,0,0,,
270,Washington,/cfb/schools/washington/,1916,2012,96,988,566,390,32,.589,30,15,14,1,.517,7.87,6.00,21,18,W-L adjusted to 569-387-32 by NCAA (more,/cfb/friv/forfeits.cgi),
271,Washington &amp; Jefferson,/cfb/schools/washington-jefferson/,1905,1934,30,288,196,71,21,.717,1,0,0,1,.500,4.76,1.61,0,0,,
272,Washington &amp; Lee,/cfb/schools/washington-lee/,1907,1953,44,390,191,174,25,.522,1,0,1,0,.000,-0.76,1.51,1,2,,
273,Washington (MO),/cfb/schools/washington-mo/,1902,1942,40,331,147,165,19,.473,,,,,,-5.21,-0.25,0,3,,
274,Washington State,/cfb/schools/washington-state/,1917,2012,93,942,424,480,38,.470,9,5,4,0,.556,2.46,4.76,11,4,W-L adjusted to 426-478-38 by NCAA (more,/cfb/friv/forfeits.cgi),
275,Wesleyan (CT),/cfb/schools/wesleyan-ct/,1882,1905,24,217,92,118,7,.440,,,,,,0.37,7.93,0,0,,
276,West Texas A&amp;M,/cfb/schools/west-texas-am/,1941,1985,44,446,212,225,9,.485,4,4,0,0,1.000,-8.63,-7.89,0,4,,
277,West Virginia,/cfb/schools/west-virginia/,1909,2012,100,1052,611,400,41,.600,31,14,17,0,.452,3.91,1.79,18,15,,
278,West Virginia Wesleyan,/cfb/schools/west-virginia-wesleyan/,1913,1916,4,33,16,16,1,.500,,,,,,-1.55,3.98,0,0,,
279,Western Carolina,/cfb/schools/western-carolina/,1977,1981,5,55,25,28,2,.473,,,,,,-8.00,-7.91,0,0,,
280,Western Kentucky,/cfb/schools/western-kentucky/,2007,2012,6,60,18,42,0,.300,0,0,0,0,,-12.22,-5.07,0,0,,
281,Western Michigan,/cfb/schools/western-michigan/,1962,2012,51,548,283,258,7,.523,4,0,4,0,.000,-7.30,-7.46,0,2,W-L adjusted to 284-257-7 by NCAA (more,/cfb/friv/forfeits.cgi),
282,Western State,/cfb/schools/western-state/,1924,1937,14,95,19,76,0,.200,,,,,,-20.15,-5.54,0,0,,
283,Whitman,/cfb/schools/whitman/,1923,1924,2,12,2,10,0,.167,,,,,,-13.95,5.54,0,0,,
284,Wichita State,/cfb/schools/wichita-state/,1945,1986,42,433,167,254,12,.400,3,0,3,0,.000,-10.34,-5.71,0,5,W-L adjusted to 168-253-12 by NCAA (more,/cfb/friv/forfeits.cgi),
285,William &amp; Mary,/cfb/schools/william-mary/,1922,1983,55,559,260,279,20,.483,3,1,2,0,.333,-4.63,-3.21,3,4,,
286,Williams,/cfb/schools/williams/,1886,1906,21,211,107,90,14,.540,,,,,,1.15,4.48,0,0,,
287,Wisconsin,/cfb/schools/wisconsin/,1892,2012,121,1147,630,465,52,.572,23,11,12,0,.478,7.88,7.06,20,13,W-L adjusted to 631-464-52 by NCAA (more,/cfb/friv/forfeits.cgi),
288,Wofford,/cfb/schools/wofford/,1914,1936,15,128,36,88,4,.297,,,,,,-13.04,-1.03,0,0,,
289,WPI,/cfb/schools/wpi/,1888,1893,2,11,3,7,1,.318,,,,,,-12.11,1.14,0,0,,
290,Wyoming,/cfb/schools/wyoming/,1905,2012,101,1006,470,510,26,.480,13,6,7,0,.462,-4.48,-1.41,4,14,W-L adjusted to 471-509-26 by NCAA (more,/cfb/friv/forfeits.cgi),
291,Xavier,/cfb/schools/xavier/,1935,1973,16,160,70,86,4,.450,,,,,,-11.58,-7.54,0,0,,
292,Yale,/cfb/schools/yale/,1872,1981,108,973,718,203,52,.765,,,,,,7.86,1.45,4,11,,
